{"version":44,"hash":{"type":"Buffer","data":"NZfLfhmjQ5vGE6SPNt0WhkmiMAKpfbMFw71CG4HJT0R4dFoFUM+Gp7lfrKeQsJc2mdgNy1FQV0tOZHmfFTZ3nA3GI75/0kreKt5H5Jn1SZbnB4WmUALDGFFvIjMm2ksjp2Y2v3Xb3vMVP6gwhzsJRh1W0N+ZHFYK+lfNQi7U7KI="},"indexValueMap":{"Aw2KOt/LpG9vVzdRpqtUYgYB+qSXUSmK0OB8fieCtv4=":{"valueMac":{"type":"Buffer","data":"RoTEDDYKGkEdL17US8KpMTIyk2Qkhl4BgImIkFCjdUc="}},"A47jsOZkvX/G1glFzeolXZkRU/550PgXzVHIpgrNOvc=":{"valueMac":{"type":"Buffer","data":"xwjZ79c9dUt9C9vpQ7SeKBaGnHNQF6XHt+HQmP0zJoE="}},"BI9jDT3AihuicEG70qSCdbBjwCay/SdNMnRFkLBHKi0=":{"valueMac":{"type":"Buffer","data":"Woi2JpzbetFWqAZSH5nv+CNphhsQizEwRNw8RHa8LJs="}},"BTd2Blygi6Opu933AW44G2vChk5vAbtG9oM/dw1Y6Ec=":{"valueMac":{"type":"Buffer","data":"HHi6p1tVGXXzYjOYZTxVjr7F568efar29Hc7AMRPTTM="}},"BbxMdMBIcw4FZgSPoegM5EqEgBqIVkt6AIm5BhBhwH8=":{"valueMac":{"type":"Buffer","data":"V+oNUUecex3HFaba+YuV/d/qOItHTgUx+JnA4MwzzuA="}},"Bd+lwyruWyiLUW+/GbZeIdh90f7Jeo4FHouJ51VQmTU=":{"valueMac":{"type":"Buffer","data":"jRPliny86LDlCUg/dZ//C/v07cXrunOjBMdU904QEZ8="}},"BoMXlCa0bGWQLGO3eJemKpT+RIQDk55n5eDaadd6g7Q=":{"valueMac":{"type":"Buffer","data":"tWln8UnxA/0UJ42Ry3O8OOjwYdT4vBBPdRxIUCjB6KI="}},"BptlkO1SZDOZCosKJPduEmMhViVR09PCsQMJP1tbyAY=":{"valueMac":{"type":"Buffer","data":"f64w/D2GkabZ2DaOw4nuyOm5MlyyeG/Q6nuAGS1Odck="}},"Bp88ldItW5lKPS7MWjSLJvq5FLYofZuiC+gS92Cgx3g=":{"valueMac":{"type":"Buffer","data":"EbcRnEOyyGceh2hF2SZNbLEj+ADWy7wyeMxHLeaCFZg="}},"BreiilG7yiLV18VtICM+5PM0JX/9Vx7SGzl9jem6H6Y=":{"valueMac":{"type":"Buffer","data":"X7cy1we22LeHuGQw30YQ8PUWWFEop8zQc4VoOr5q0yE="}},"BuXxmdeZUfa74Imq6O3VO7N70wI8YDJD4EYakGD2YC0=":{"valueMac":{"type":"Buffer","data":"+PycwfeOpyG3P/zaDVMWHGifZmnXWWu6JMLVN9NjmL8="}},"B1h0m3RP6bUHPTEE7LsRzPI3/M/KZrqn3wFLx4Fda7E=":{"valueMac":{"type":"Buffer","data":"mTlcuuWeV/okAlRYgv+AuwcxIYaJXefK5UpeJh0kpGc="}},"B/c0IERxjAdTxp6OA15hXgrTU+wqh1KOgTGZ3ZwU8sQ=":{"valueMac":{"type":"Buffer","data":"rYEQYR3GSJi2mk921B4Vb6cVFL7fi8dmcB6xEZcz1E0="}},"CIdh6I6Y0IbSiL2OcUFRaAg2+4qzeeHxdCmeN86NqSs=":{"valueMac":{"type":"Buffer","data":"GgLVePSZm8iPBD/BtxLldxoJ/+ReC45hgQB5GmhiCrU="}},"CPSs5xr5HOYTIT2ks9q7V20cfUtXJM0MxFL7rLGWsYg=":{"valueMac":{"type":"Buffer","data":"3+6i6NkiekE+iDULMK7ti1BHhPS2hUxRdJohLIzjWaY="}},"ClpI0SEAqJ3PhklAd5erxvhaazhaUk2WQGcoWFmr1k8=":{"valueMac":{"type":"Buffer","data":"sAAgeoFszMy5o68oqSIewtYfI64wkvab1DNtNIFe+U8="}},"C5oGxHLoWbjdRa+EhLs4QQ/E27tdOTEDEvePlzPJFA8=":{"valueMac":{"type":"Buffer","data":"6D7C3lI6o3v2Jh9dVxAoaY1/9XfvouYuWHayuwMg9uk="}},"C/a1IHSaHH8tflW8ssT89fVSTKIg2cntc+n/19k2W/g=":{"valueMac":{"type":"Buffer","data":"x4Soeyc4tJMxz1tUISCMpPgDeY3MaRAEk4KqWugLWIY="}},"DbEG7N7UPeoKYULiMKQiZZoK2lKyFMFPhmE0f56Kd7s=":{"valueMac":{"type":"Buffer","data":"5UGKFvXde5spb2hUWZZ3RrOuGSxA8QUhLHsDKM9EEaE="}},"DzqPIlmirf22rN8JFybMgI9PwesmZgqWM/DsIgRuKlY=":{"valueMac":{"type":"Buffer","data":"xk5dlONqMxfrib+3XjRIcYgNRsLSxbIIdnN0cAW8VvQ="}},"D27jFvI3JGp6KmqO6O2PNdHko7Ua7fpLXLb92fkNGbc=":{"valueMac":{"type":"Buffer","data":"gG+BvtRQQKvDhSUe9sfHo8CX8PNYmuNjufjXiCYOfDs="}},"D3i00+CWwLAKH7gebgPGcmKJOdn18A25bC7kIKJEYMo=":{"valueMac":{"type":"Buffer","data":"gBl8zxhNRyyw3VlNQV+uX8jLj4FmR85Il9Ul/ocIh34="}},"EhJ/xNfPRuH9CiqWkJRrXVJVKkuy6WvkFf2pQMV3HdU=":{"valueMac":{"type":"Buffer","data":"N0h2xM4KI+PDh8lnhOH7ppP7uNlV8y4Yn7xB2rBKElA="}},"ElpOHS2PP1wjNthYOjIISPhmK3oRmOXuxOClCEr0M2A=":{"valueMac":{"type":"Buffer","data":"+xhBBDalcLJTJYV40rbyQsG6G7XvRnuXOlp1mSEz9qw="}},"Em6tJe7dxfshBTe+t9VgW7SNQgwJaSd3M0BcMKqgGuY=":{"valueMac":{"type":"Buffer","data":"5F4xAmMI50TcY4W0ScnUhaNoRG08xcqArRQyNmPvbok="}},"EteUkU2i4y1L+Z3uj3/FxnDK9qVD5bTNeDS54a12xo4=":{"valueMac":{"type":"Buffer","data":"0SRBrOeJzaB/WcW0B3pAuxmi/WS+h+fAY2y+LwQbl3E="}},"E061f0JTdCU79YdgY/UVxH1hfKJP7/ROafA5dUzyjyw=":{"valueMac":{"type":"Buffer","data":"kdGbXXPBs0/U0bh6NccuWB46LFWZdaDkNvnwUEWjDBo="}},"FN5F4XTZSQiqw2h9wdA9T2fshiR9UR9E7DbuQWNyYVE=":{"valueMac":{"type":"Buffer","data":"P45TIWzUd294Tea574fm2/6C58aYRsV3LncwHG5rh/I="}},"Fnxr3qKRMNRShUa+7j7SALXZO9r85Y7tZolRJRKUugE=":{"valueMac":{"type":"Buffer","data":"Ae9QoBHNfRviooNCguQyVkrBWmT/IlPovnt53M7cCvc="}},"GCOMMvl7zR2GZ4hQk4yqSMRULkb9yc+VOw/vW1m4JCI=":{"valueMac":{"type":"Buffer","data":"EKxiPnLLYI6fUVhTlBNcOCJJxgCD63qevrk8Tj34lGg="}},"GHsRiZyqIfQ1ieh5iU/x8TvcNwfAz2hjh3ENq7iRrjQ=":{"valueMac":{"type":"Buffer","data":"pu23RFOLqNb1ihPnQdAJPi6oaB9VMk0C0s+r0O6uFGI="}},"GKs2kuKYZUkn4jpSIGv53N8A86y/o9ZAI91YDnh/TYE=":{"valueMac":{"type":"Buffer","data":"elkg3/6dsIB6FcJgVmfwxuLwtUcsXV5loZZMkl4ufA4="}},"GXX0lhBSirLH+CZhPy8UkNkOToMoLrye9Mj0/SF4NaQ=":{"valueMac":{"type":"Buffer","data":"yjUFKPIRC5AeK9KsQuXNxFrJzQP/v50I0lWgwoZi8mA="}},"GgqclwxMSIlmmo6X3PDoGU0EnBYhin6A0rGNIeMgUcQ=":{"valueMac":{"type":"Buffer","data":"KWmp6moWgt0AuBTulnfS4kUhwn1KBKGxDtPNKEj/704="}},"Gk7P/SBvt1fiz9ls5mbaorMNgy3dia+uYdMyjQJAJBM=":{"valueMac":{"type":"Buffer","data":"6fsMzuHX7eagdZ8go3SIDjMcNAgs5+rLW36zvWK09W8="}},"HEHjvZLEHnNomGriEsO4mJKu2RelGz0ipcXGg8t96Bo=":{"valueMac":{"type":"Buffer","data":"oTybvk8B1t9l67vrmobmRL358z59YDCwoymL1/dQ9gQ="}},"HXvKXFMNen8+P7/ybfdmLdcI2JJnc84C6LSlrKviMrE=":{"valueMac":{"type":"Buffer","data":"54L4xaw08lFhB9oinnucPPANMu1D1RJcGOlTJVaQbFw="}},"HZ4GT0RJvvv9R8g+bNc0TyA28IY6J6gDwEYS5ju8RKU=":{"valueMac":{"type":"Buffer","data":"t9iltmjb8zJ+6qBwmyTrATBjrD4UzMPtKD4a7QdkEFg="}},"Hf8c6vmRrsRFQr6Ao452xKlzi0EbozmBStC9qEs5WP4=":{"valueMac":{"type":"Buffer","data":"r0n6eXZ7NZocrhWqJ4GhwKLzguw212W//AbyAVORLi0="}},"HrLokEJxaePlpjpX7bKdZmg6RU53TP47cjZZiqjxnZA=":{"valueMac":{"type":"Buffer","data":"DM7EMxRWUDbxKMnoj1+Ng3ARskRB9a29BhZHUFqTjRk="}},"ICwsw3huSIDjToLoaBQYApe1mh4iXmEMlsbhX2Oz1+k=":{"valueMac":{"type":"Buffer","data":"ZFEx6QCDPIF5ZwNIrxrZAFLMRQ6IDEoT5MunxN7UWXQ="}},"Ixwl+Dyns6G9ap/2ZmrL2DuohMWlW9nH78Uzjht12XM=":{"valueMac":{"type":"Buffer","data":"Q1Db4/mkDXycnj9MH2SySuIk8mp7GNM0dACb/4Tgrps="}},"I2wdIujHNZzWAg1pxGULtEz28E1kbDOCh8SVQXq5X7U=":{"valueMac":{"type":"Buffer","data":"wdHm2ChyrBgOwCO+VVlXznBY+QS9KWqqZVWYTXwfySI="}},"I7tsdJ1scEHfAie98/Z8S1zkpW0l8XO0QyMvIb8/Rg4=":{"valueMac":{"type":"Buffer","data":"+lgRsMZRon+VQ4v1N6E0awj9eMH5VJx9Cc03obCCGEc="}},"KX3KwCBIDbsfR/mmoqYyDXPq01ZzRlvimuhKjV8Q1MM=":{"valueMac":{"type":"Buffer","data":"SSDauSy/VRVZzriSBZ9sqpTvJxy95JlAtr1D+LmQvEE="}},"KYo7RiMKQmNrg/E5tvXiL5Wj76RqClf4YZyRNPR3g7E=":{"valueMac":{"type":"Buffer","data":"9ljpw9XsIJXQPbc2RsafuWfAgOLPi1rDr8famkBBS40="}},"Kxwn+21XtC9Zycd3O8RBO5hN6dl8AcKWbZZGZUTDz0M=":{"valueMac":{"type":"Buffer","data":"i9t+0wE89Co7SkoS5+87FOid0C95I4OR/NBN/xB8ISI="}},"K1nIlu71BnbISz9IFnhhIX3/mNt4XoVC9Fe9/5nowHM=":{"valueMac":{"type":"Buffer","data":"oXSd5awsKw2fuVXYQwivh9kFA/i8QKNiz/jA+oCBZKE="}},"K5fmxWiwnW1F+AsUcsk6rU653BliOHrCjY2H3XKMplo=":{"valueMac":{"type":"Buffer","data":"2bP+PlhhLAm8nZa2lT4PfzUvmYhRELhZGiULMLMFWBQ="}},"LYtab6I4BECXKb1kRmx/ob8rq9Qf/7Qh3YDbNAs978Q=":{"valueMac":{"type":"Buffer","data":"T2mONtwtHm21Ki6mc9HOw1r2bDyqNTN9hYigufHe3pk="}},"LaZnZ5i+EWBNFZ1zYgjeM10bHBIlPa97Npi30dpebf0=":{"valueMac":{"type":"Buffer","data":"DEAzwHQ1Rte0Zowly3V4YssoFa/11WhKxSbe9+USCWw="}},"LfPYL2Nd15gfwZJlnoiGrW0SereWre5I9fYmqB1aKU4=":{"valueMac":{"type":"Buffer","data":"ZLvajoGCITcB3f4sNT2Peo3aSwIdKFq3IZTW9BMENkc="}},"LphPPXPSmchDKps7m6j+gwPCEpjtpLGzD2VCTSswnNc=":{"valueMac":{"type":"Buffer","data":"laEZzxjEXQUjpa8L4jhbYaITI3l+7Nr8rJ9mjGloFkc="}},"MArY42Oxi6lE7sPKu/g0h1kyHcVzJtRQouo5baAFSKM=":{"valueMac":{"type":"Buffer","data":"JR0cEvoYOgwSQjRw9nJ6SP5tRH1kNEWMdMDfa+r3tBo="}},"MKEtPnfV+HW+SekgAL2SiKCp/JUBFG4YGrRNt2uatV4=":{"valueMac":{"type":"Buffer","data":"0vvPyRksHTUDXAC4kDoXXYEPVXJHSSw4hbUeaxz1qMA="}},"MRpq9z5zraQsqTpj9CMWrIGIa41Bg5gsx0/xqMlJLgg=":{"valueMac":{"type":"Buffer","data":"kHGLPzEEuxDEdAxG4DltME7Ez1sJPupnsNb6aLoUMz8="}},"Mdp9slpD/gZXWp8j5VP2TT05YmB6Bkyyr2N+JNhz0hI=":{"valueMac":{"type":"Buffer","data":"ZiDcnXxLwaG2ndhLpLECKX4QxZIyb21QoSgmj5MERuU="}},"M8kq4HKFhmmh77DeQwJ9dn6jjcuxew8DpsfldkysIy8=":{"valueMac":{"type":"Buffer","data":"Iunvx6gg7pUQWi+Ko72J3JkpoK9lWzeudyFJBGN5qVU="}},"NCQ213ujgOyfpOgw0vcX1c/kS++RSzyKFDMxNDQncIg=":{"valueMac":{"type":"Buffer","data":"/dh9NkpHl9W9xYJUjrtNbX8bGh9QiH4Tv+A6FHVZp50="}},"NTFqIaANUW+SZtkuyBD+1wHctL9aEsyhefXmfDtLPiE=":{"valueMac":{"type":"Buffer","data":"resRAqd5FFDyRKNGCLfSCY8akS9jgkMSa7DU6TXc3SM="}},"NdSGgDYF7WCCZXAIN2pbbSt/hHLhCn/65tI0lGigUU4=":{"valueMac":{"type":"Buffer","data":"/NPGNPzkH4K1WVzkpl7Vq3Pk3hpeJ1+GtNBZqF82fNk="}},"NgQwd59wNR8ZrPxZxxehUWLn0cSY0AFDr30PWyu3zLQ=":{"valueMac":{"type":"Buffer","data":"6R9JrLutXAyY44lu5Jvj/NMfM8s/KSdbdpGQslyCWig="}},"NlM0qEjRMmmJaDWZWWIaoX3ZVNri2kWVizfy3R8/3ws=":{"valueMac":{"type":"Buffer","data":"WknR/XlVa43Rs4Z2XsJgsKBACm94D48Jm8vkyHYKOfs="}},"Nlz0rdEXy54NeICK8xCc7EnN8Rp0MY5tUnHR9vx2Pvc=":{"valueMac":{"type":"Buffer","data":"nognqHcW+pr9DixcGLFlRxyHq43mIASgvh2mrS4W8NM="}},"OafEUlLJF866vh8zkaRkssCigL/OTRsrC6dKZKChod0=":{"valueMac":{"type":"Buffer","data":"3Ui7Cr8N7ytDYqBuGHvoQtyASH/p8zhY3+MfnT9m++M="}},"OqU9o6dj4MrCpa9BpDwXkRXCTB7JNsLzBbrFHCYxjhU=":{"valueMac":{"type":"Buffer","data":"eN/hf7mBcju1pMiL72nhcQ2IbFydgzJtz6lx14T8HF0="}},"OrLiVd4TrNTjxljYBjZk3zNipo1WMUMQ7MdlIxEr2Zs=":{"valueMac":{"type":"Buffer","data":"OA1WcZB4bV95D53lamrErpe7IRzw7LZOzkhGQLYY4Js="}},"Os/rb6A3UfUvJbKrYzzfNbnMrsTc4PzaqGVbd0VnouQ=":{"valueMac":{"type":"Buffer","data":"olexqVZwKwrjbQulrUY3D4ZKh7kRCbYR6LpcM851Pww="}},"OycEsTf3l0J141qJErJ319zstfGXx2jRgT0mOgiT4yo=":{"valueMac":{"type":"Buffer","data":"mfG4xVjYMUApxCH1A6pJ91PZI1TW/RJT4H0iqlY0p24="}},"OysdTLLwfUEZ2N65E0opKyiMZZu9mExiw913b4rQsyU=":{"valueMac":{"type":"Buffer","data":"Sl0noNYyhxlO5AimgbHgkn/WS6Y62zKCBdWrf+Vktbs="}},"PaOwP4Dt+SVXIcV0wNYM3ocQan7U+vIldknMvXFBRwQ=":{"valueMac":{"type":"Buffer","data":"5sGLFwqxoOJkZz/I1v41hxP4jp7al9E+C6C7uILGYSA="}},"Pb5ZIeFmMlze0IPtt7/gJPB2DzeKkQ1V6JQKYrjkRlc=":{"valueMac":{"type":"Buffer","data":"uIaQnfDc6FY3YmAr4qNofsyiBNlAlzia8/2kFYxOYWc="}},"PfmMHSNyWd7APhaPcuWF+uSnxEweHNMsw5TyAQAeoJ0=":{"valueMac":{"type":"Buffer","data":"9OajmWfFJWJRitCLJnxqkzRbsOgkA7oeXVvI5u84iXs="}},"P5pc/4RmG5XvLr2Xy60SwE74HxyaBorXajt3BOk7Biw=":{"valueMac":{"type":"Buffer","data":"OPiIZ/LXDVr9svRAd1EimoO/N2x0KwcCqEslrKAiOWM="}},"P5tCHVNkC9CEh3vQWPrbvAsbPBuVM1J6ntJq57K4u2I=":{"valueMac":{"type":"Buffer","data":"ePWs5BpANaL4r4iqA/CLd8a+tsrhTWz3MWbf0fk3JEo="}},"QA+kCoz0slFYVkpycFn26nBwZZripKP5K4lNWikmpqI=":{"valueMac":{"type":"Buffer","data":"eVyaavIvNchUI9492dfLfxfiyYnPvVcvOxbBSvkx8Nc="}},"QMiffxTnIOBQvm2FiFBJA3RbXtwFE2FguzSUNtlLJsw=":{"valueMac":{"type":"Buffer","data":"73y5ZEU0PK+GGhNXoQxNoz8mB5Tt38+NQewUfb2buo8="}},"QbYAicbm2Ctn1COtWapzCa/IR4gNLLrMX6K27BpXiFE=":{"valueMac":{"type":"Buffer","data":"Ss/tWulEP8w8VAPb5zTXFdkHuqfIILJT4SbYtjxg2DU="}},"QrfgEXgzTdf5nRNCUx1CYQuiCWZIUtB/L3chms6HN0I=":{"valueMac":{"type":"Buffer","data":"G+l8w5S7HMgBTuZqSzVuxhcuK70XcpM6Gk0RcLr+uU0="}},"Q+FcaWPfvJdiGzNtqkCY1he8CHpo91D4VBKJkLt5nzQ=":{"valueMac":{"type":"Buffer","data":"AUeHgfrq/lo3xpZyp01KrOjtiV4PtCTT+2yArowkeMA="}},"RWeWiYbJrjsXBG+RHELvBq9GvxMWUe7hOIW1QhdZgC0=":{"valueMac":{"type":"Buffer","data":"aDRAJFKFh+HOJYm/j26MX9GaiODRTUYzaF6q3hAsjz0="}},"RdceeJaAsdlxp/oAysxZDp+6iwE5hOX+pjCQUVIBoGA=":{"valueMac":{"type":"Buffer","data":"7U1PwU3Av9ZYzxeB34Hc0Pmaw72/Hd53ahzXoYf0JS8="}},"R1ONJYtp3jEYLY8RNp4ZJT6kNh0ZMs19QWQtwhbqVWY=":{"valueMac":{"type":"Buffer","data":"LLCEtNWqt83wDKYcN8ch0+twyTwqRYQhw7ny8MKzoVo="}},"R207lDLBfT+dHIgzIwrpSA1w2M1rbYPTnb59EKEuZYU=":{"valueMac":{"type":"Buffer","data":"GnswvA0eH+ArO/7S4Z1+k0YznARpXbW81LlzapXgTiM="}},"R6t3zxGsmieTm2aLtUYDcO9G92hmEODng87qBQ/WGQE=":{"valueMac":{"type":"Buffer","data":"+UzXqPkt7+Tf2M8DZwe2HkxNvzaqHAoctSFTx/pG0y4="}},"SUPlFFDpkmmZoI6Qtl0dWN7qv/tFgVR9PCMOTIGpZl4=":{"valueMac":{"type":"Buffer","data":"qahefSKB5HSsKRoyCKTbyPW/G8TDKn4ZWVhxMCMXzyI="}},"SWSOa90wCk0yS7Psr2FqiUg5xXnfcd6IQP39I3l76Zo=":{"valueMac":{"type":"Buffer","data":"nQm7U1eIux+tKdWodXdxrDDlqi0EIaSsZUm3eCjuScU="}},"S+EVrEIYKU8GmmoMMx/Wi1KBb1fYXxHhe0DR430lF40=":{"valueMac":{"type":"Buffer","data":"DWN780AZ4psO8j4nBHVnGe1b8JGh+pj9ACWLSM9aNr4="}},"TZdlUbZQv7TVIjNPhP7/p0y5IPiGdKyCSjAkScmuJGI=":{"valueMac":{"type":"Buffer","data":"itLO/3NlC/mB2X5yT4RdLS3K6NacQo4ZHLCzyYK2evE="}},"TmNbqPf1bdVCAXsS71sBmhnpT1S+8qyge+qGjaXIdf8=":{"valueMac":{"type":"Buffer","data":"tgILeS0ZbcBUtYC4ucLrbv9eYjxu8lIfRPMwcoZjGB8="}},"TmYcicxN5y+BdYnHf36n9+ZxjuQ42I9z/PHdA8sSxX0=":{"valueMac":{"type":"Buffer","data":"5KMpg8XUxIMpLjauzXrex4ioU7nShY6bl7M85Xkc6is="}},"TnJjpsTkbSqeRJEnRZ7JAgsctaRmvRKy34s+dbelCYQ=":{"valueMac":{"type":"Buffer","data":"/q148jxDjQiJzPD0NNzJgHCyYqXVZb3Biebytfu5BI0="}},"UIG/0tZ4leS/FJkjM5Q4oCAulZ4DJUctESjrlFu15XM=":{"valueMac":{"type":"Buffer","data":"en2srPzZENMjMNvVM4LA0FE8/B/bm3+LcmgpEcJvVxc="}},"UaVaF35wludF/1JK/lFcdlQIlBshSOp5t0UUa/Bbues=":{"valueMac":{"type":"Buffer","data":"LmV5Ib3YjotmFN7QHtb1O7No3PrVqsLiySaipc+D+7U="}},"Uk6Kv1OiEAuZdMrqBbWfB9uPpFsq+jk7cuMgVhUmxjc=":{"valueMac":{"type":"Buffer","data":"xej/aitfrIyGSDe1I0TmuF8Ls11jjjeqAd4a4t6zuCE="}},"Uv1gKF4ojYTL1x2ZypuHGWdmsi+vG/ju6wvvUggpfhw=":{"valueMac":{"type":"Buffer","data":"Kw7t5mVTpK4Rzt3al5QMfov5yfbt9T5c8hLckPb/xao="}},"U+FhKx/IzGE38XhV8JE6IbVnqwZ5JDKVDTIdHS3E0V4=":{"valueMac":{"type":"Buffer","data":"lCxK5FExlUn9I1+MqQ5ZZnrBpMAp9TZuq2JGnyDGTSI="}},"VUod6alv49ew2Lwv53/lY+i7DXoFRrur6TbzUVdqDhI=":{"valueMac":{"type":"Buffer","data":"ERe67S+FCFUQbwwLCFsAaZggqx+IC9K5A95Nc70V2OE="}},"VbDG3ZI3NlN1HNz9bH3qZRb0wSqIqNWSRP2xX3ipHTI=":{"valueMac":{"type":"Buffer","data":"HXj6hqszqovv7pa4yjslOVmA26O/XqzLy8zdr6uEfkE="}},"VqdxvDhNaTiOiUQ/LZsyVc0UVW0Lz/6KVpiY3SERUrU=":{"valueMac":{"type":"Buffer","data":"8wIzsND2wS8JkxP6LE5b08ups2kco7Ba8WueAOtp1jg="}},"Vqkemu/GUuwwh/GxELfsqiu+UvozzMD7MPTyltA+K0k=":{"valueMac":{"type":"Buffer","data":"vnAbApbHwGXant0obA/3xtng6EM4nqwTLVEF916ZgwA="}},"WwaZBvkIolIZ/meJveB5EE6W92ZUUrND0KMe4DUzw48=":{"valueMac":{"type":"Buffer","data":"Zo0r6qSv4Wr9OCwNI3GhVdCzNkBRupWCWHZGnWVdYiA="}},"W1rafDbckqrIZiDFb38u1OnRaDfDzZFpffc+BGKQ0j8=":{"valueMac":{"type":"Buffer","data":"o+Y9k8OCQ5YKsQny90gVpUIrYun1HKdS2gLQp8bTo4k="}},"W+jTfl5p6RYXnkA+z7dhNUZEYRhagG4QDkbiBk5kB3E=":{"valueMac":{"type":"Buffer","data":"StWPMP2DCUZyvFUTEHU5ciIL4pgtKhkd62gHflh1+CE="}},"XBIXgSHqnXWnFt4Tq+XFotIo00q5Ap92yX9skhYEHO8=":{"valueMac":{"type":"Buffer","data":"hh/N6fNs7Qq5gkisOTkFwO8VDDII8fOdD/JI4Z4bvFg="}},"XESVLwHP79aZopEOjHaKU9/zr8a7aN8xbcJMtpAU8YE=":{"valueMac":{"type":"Buffer","data":"BUS6kNoLsQ4Ur23/FUpnQgAatYc0k8ccOoiKv9Qlh8A="}},"XbWfUE+/tRbjYL3dYYJFcsaK1f1W427J5oOCcwrQ0d4=":{"valueMac":{"type":"Buffer","data":"FsJG+4eiwybXk2nkCTqRTZmNC93Am1iuGzkQjXYCWBo="}},"Xdc3oAF0naG6dDE0wd7hWQFLRaxBVwPPOOQGdAsBu6c=":{"valueMac":{"type":"Buffer","data":"ERG+cppF8F9AoruP0QYvoKKGVC4rU8MgAGMBMKRIEtQ="}},"XqyWt8EsJCf5ocvFNlAduQ2NedEl8qrKKen0lQYDsp4=":{"valueMac":{"type":"Buffer","data":"8QVDvpUJDBKx+8nGwhMDVFmWnegn5ln8OP6kQwE4kYs="}},"XycgFbdfa6EkW8AHsZwlMyQUfR1quFraSjl3tkyTPSA=":{"valueMac":{"type":"Buffer","data":"j4JHahDv202w3mjyDQSx20Bze/OU4X9+A1H/yj+j450="}},"X1M8GHOPldaENbpRAvsrJzqDYkJk541NKST87PQlpZU=":{"valueMac":{"type":"Buffer","data":"wnU1vKdyj7ejS2MzAs/IXy4Q3pQNultCMU5nll1pgaI="}},"X2pQQt1K67HdAZl+8wg4bEvdD/u95Md3K+J751oK088=":{"valueMac":{"type":"Buffer","data":"HbnT7049Z3hRyLMptVPHec+vQd9tkvjErf1z6R/infQ="}},"X6Yda0uVGQ6UrG+WXwo0Pl3dXpkjR1eSXunCPlHlxY8=":{"valueMac":{"type":"Buffer","data":"8W1Ylbl4hBUPwz5jlEbvQKceVSjqWstt/jqzNgaTPVU="}},"X6zlGe3IzGMCUetJ0831Zjk7kzHbJzE3EQNMn1d2bHI=":{"valueMac":{"type":"Buffer","data":"qyrd8FA81jYMlVFF4q75V/tdhL62QyQUEdWqt7xPccA="}},"YIq1flY4aE0bch5d/KaEftnaoHRedw6dQoSwMWS9qNQ=":{"valueMac":{"type":"Buffer","data":"OQYo2DCMNWfgS5a/Tjt5UJ11dnbSOHQ3nMX2BXbhvvM="}},"Y1ZOeEBtayoaSuo4tXllSbZKSa9TqAZm0az9sHMvTDI=":{"valueMac":{"type":"Buffer","data":"ZTlduEoz8db0aE10A9G9uMwEU1uFtZqnYflB6wx91ss="}},"ZGtXR/A8QhZS5HXhgTMwYgMVXI/jSBOxH2mG5jfT5P8=":{"valueMac":{"type":"Buffer","data":"cEwD46UABtGj9thLrLrUTTO7jBvu6vz+M2z9DX8Kf4w="}},"ZbGb89Yyrks5YQxgN8QP18TjVe0zxyfJrDuMpA+xN5A=":{"valueMac":{"type":"Buffer","data":"sEWaMUsw2HWK1WNIXB0qe6KHa81MnIkIhvX5eAAP4K8="}},"Zb/q2bCrqstefNXxeOgtrfyv+nQn1TGorzafG5bdnTE=":{"valueMac":{"type":"Buffer","data":"uPvf2pn7W91g/FaC19hDc5tZZVZVFPYIk6dNmyUMXgc="}},"Z8dcEclncv89J6/bU4DZwyShooo3pe4y6EaabGILEl8=":{"valueMac":{"type":"Buffer","data":"Ce4SvU6UirO6UK6PWsY73sANonEBBhCSh4fWKeFbd60="}},"azKDp7gIW0UnVE40y14vt3hdcpAgUapONlhYSv/WJqs=":{"valueMac":{"type":"Buffer","data":"a7kKVAQ+ozmAppnlPKj6TaQUe6M4XtzJr6RteyuuZDw="}},"a0WJ1gWhvGLmEnbazWxKRkEEMf/WBWeYUM/S2Ceboss=":{"valueMac":{"type":"Buffer","data":"0DB6i0owY1Z/4ErQsp/bhF1nNoD11gyjhnlO/aLq+dU="}},"bCfr2xd7CpqJOj/YdXdFSCyKejzzpCI578T1nfcjREs=":{"valueMac":{"type":"Buffer","data":"zf9Mp+1PEpsM7N8RkmPWkewFvkBX8FgaiKeWttaYdKU="}},"bFxXRYTHBxX6WAH16yG8ylhhA+QXMQiXvTd7KNoCCXE=":{"valueMac":{"type":"Buffer","data":"ZXS2OPI5mDb/wMpEtejwH7gUv3YcV/ymsX3MELxO960="}},"bk6zz8yahnrVmT23aYChOnG9W4aUU4cb61r+NPNBgT8=":{"valueMac":{"type":"Buffer","data":"92uMbX8onNQdijJRpGmyym1jBUusj+BXZS/OKotyRog="}},"cC7S3JrPiXNQqyxZbcynjH63+rdKplWQ8pXJx8jc3JE=":{"valueMac":{"type":"Buffer","data":"bLkWv2xuGfhDIaVxBQSPRV8/fq84LnRjfhOLV7EAXsM="}},"cEuR6Bl00IPCESPcxaV16F6EvD+GcwzAGaEiebQ+6xg=":{"valueMac":{"type":"Buffer","data":"/UtndYfMYxtYweKJS96YBBPxbQd24aTYKObf2CBRIlA="}},"ci/Y3HRqDGpIh48PjXmSdgYNy4P55Bzy3gMZqL4rYqc=":{"valueMac":{"type":"Buffer","data":"cXS8jw5+ITS1MgNFaEnQXCp3wmzRGJQe/uj2UwrR7+0="}},"csxcJxVbD3sDrLsNBMcdFKRhGydOOwzDlkfYUK2gEl4=":{"valueMac":{"type":"Buffer","data":"y+IdxboxlYAd0jCkt92AvMkIzBM5KqV5ABuxwcwGb0Y="}},"cta0Q0CG4yc/acGefh7BC6UuH7ZVinJZzi8hEGn8y6Q=":{"valueMac":{"type":"Buffer","data":"D++ndwlg9PoancMDDcZOAhqkeudN+Sy5TpzL7UQbplc="}},"dfGINbGCNULeEoOefkXINOjSngyUTp2QRn0I8Q0lNM4=":{"valueMac":{"type":"Buffer","data":"wzTaiOUrpj2qclzVEySRRX4JtEW5j9vomuOqUIvqvXM="}},"djyIEC9cSwjRaNnWqe4DAHPm6g6Kw2Wuv0P0eTuQxjc=":{"valueMac":{"type":"Buffer","data":"ZOqBWRqAh8Fv2GYbzWMGtLNSPFNj86mvkPPc4nuaNmc="}},"dvQStigTwMFM8OzXXC8o/6JOp75tQAGYZv4OS+zvwRU=":{"valueMac":{"type":"Buffer","data":"4qjboffg6UNj3IHY5pfvNlce6srpkiI4cyx5vd9I/sk="}},"d2qp5CNh9NcT3ig9mBOOlWhy6sSZM7a9ByoJWRwnTHo=":{"valueMac":{"type":"Buffer","data":"sQLik5/Yoljf+60ZjeuTZ3t98i1Yw8JGD3Rpmr1+GEI="}},"eDGf50pBGMKfczD8IkkfneHiijUJU8mwM0RMGMWGqww=":{"valueMac":{"type":"Buffer","data":"TRVAHZesAmUy7nkC0NWHD8e0SuxpkfE32aR9/3ClcIc="}},"eIR3/O2GSnycAhfV2EYBhaYSfX+hNv0gugrfR5MeuJw=":{"valueMac":{"type":"Buffer","data":"I7Q7PDssSEtyQ0OcssPcdNbkl4ikur+WxrkOgB7wRpM="}},"eWSGcKJVJZ29bXs/2ZgbU3wKUYOL83Z0egaY5tX3i9g=":{"valueMac":{"type":"Buffer","data":"LhuAQnFWhXq+Jf1wieCRSxlJAFWUFkZRn28lP+CpYsI="}},"ey9i4DgBWWFKKcdGgRSEDjDJpPDRl6PeNos0CtuKbV0=":{"valueMac":{"type":"Buffer","data":"TjXpVUup3fVy1jw+9cRljvCDgFfb5G6O/NG0kxghPSI="}},"e16F9m1wZM7k05HFhZGO0/0lgj4488mRZ1r6qSAdfvg=":{"valueMac":{"type":"Buffer","data":"bMn5TL8zL7bCHdzAHF4oR8A6MthGeCaR6xouQ/ZtPVA="}},"flIhEuxM29z7WVtNdTGrvQ1SQ7r32mxE1Z0BXvvUL6A=":{"valueMac":{"type":"Buffer","data":"4hZxe8YxxgGxqpiYHEwB04UFYxAeqekdrLHOnx4jf00="}},"flVVQW3s1Zox21GZBGTMBy4zK4ATrIOYJFOJMoI8whs=":{"valueMac":{"type":"Buffer","data":"g8zh3sxwL0y0DsmufBSF6YRLH6C+KFqeQmFipttV5V8="}},"fw+S9zSvafKHcVEkGihQCs7OwWx8IteamkpGTXxKx90=":{"valueMac":{"type":"Buffer","data":"wQMCNKg77dOJxpaGIA0LNlo3lWglIKMRk6ND8DK3yTQ="}},"fzLlnP3ri4gnH7m4mU5YOtIOVcGYBnCHrihW73FJ0MU=":{"valueMac":{"type":"Buffer","data":"lEL5sFTSlP5dLM4ZFzcKFnQQY8sqNXSBJjIY8O+UdBM="}},"f4inxlxJFAEK1/2I8RtKLUJeW2A/W17aVFA8zcBN2ks=":{"valueMac":{"type":"Buffer","data":"f66hx7zuHkcx1CioJsiP1q9//mNCWXdfWoqEOyPgCcE="}},"f+c6eVtHSAydpVH+cEoFNdrd9V1hp7PpvBQLEQQgowg=":{"valueMac":{"type":"Buffer","data":"iwvoOF4M8gKQrFjh5FKnNOHwWHBn1eKT4kI0UmcxlOw="}},"gDcCoWAqwZ3LT2G9ucOABJY+qi3g7yuc9PmeBeEF3HM=":{"valueMac":{"type":"Buffer","data":"tRZN772BNITBHwpMmU9vlgGE+Fb709696bLUZr2Otyk="}},"gK5bVaw5RhRkmTEWkHw19eyYk++M6ikvNBdcIjo30+o=":{"valueMac":{"type":"Buffer","data":"3hj3CgW62sxgcM83lg2kq0OOOBb/eu/V4xh3zloTlj8="}},"gZkbTPHQpC/wKNnaKrUGiqdRpxroisNKd+J0UB9dxeA=":{"valueMac":{"type":"Buffer","data":"Q7jYgWUzuj/kYXphK4CoVYlBi1n4p9TsDyYv10sA0hY="}},"gdgWpjqUieAP6TeYVuAZUkouvIK5EA2cD15jVqRP0Tc=":{"valueMac":{"type":"Buffer","data":"ZjEUW9REytzGvtfNmnpzJEBeG6sv7YrjtTd0cl0EZ0Q="}},"gm68SRcNZXqFMUSSNnNXmBCQ0WoZOxcKbWE63HjWpzs=":{"valueMac":{"type":"Buffer","data":"QVZ5uUWEz/Qt7JGlCA93imMQ9owShGR6RCfBAymtQbs="}},"g21MFOBU5ooryQz03DzkDt1ykFRu2scehtB4AY6I8wc=":{"valueMac":{"type":"Buffer","data":"yhWFRXQAa6IYPmKmK93CRL5UhMqTl0Ox4cpr8NxzpJY="}},"hRQ/e6xpeizOnOUZ2Vc1pK+dW+yvn/6JCjpS65xvnGk=":{"valueMac":{"type":"Buffer","data":"owlAn8uRG5iIl0dsMtCOSuF2ptiPjlUX5uC9IK56Bco="}},"hnN5DJECV46QjHg+HmGkjXhbqKt8TdsYlv2BFkF83wQ=":{"valueMac":{"type":"Buffer","data":"U6EQ3TsZOZXS1v7KlYhw2015RonMiaiGYMhA47MWI94="}},"iQWSrclcc57cc8Y7e587FAtX2Bho3gVDh6u5LNRVyGk=":{"valueMac":{"type":"Buffer","data":"2H3hRiaXn+uJhjVAxMu6Gr0QT59xXflNmheMF5/zO+k="}},"iTgIJiCllLeYDaVRDbOB4KM7avAEhJUUq/mKs/a00tM=":{"valueMac":{"type":"Buffer","data":"SvIP3CJe7ERJy5HplJqL18finRbZs4W9w9b7jjbWueI="}},"ij20aGXGt/W84BAk2/YXoVrBvEWn4vfohmOZ1R3aMSs=":{"valueMac":{"type":"Buffer","data":"7k0novWYkwYs1WnpPaks1H7ngaojIi5orFWYsCbq68I="}},"imRQ5eL14pRHPyMIUeAPiesV6a768Cp3IMKd68vQro0=":{"valueMac":{"type":"Buffer","data":"hoKkAv7Bi9WxIPiVRijUFN/T8YboU4kZkFeguCBakK8="}},"itsav+TrQIAAlzz3B0xad+IrYYXaMpE3i3QU8JV/myM=":{"valueMac":{"type":"Buffer","data":"khtOh5HuNeghDfsPZr578fjivFujKa3Aj4kTY4rfYMc="}},"i5rTabDxpKwOOsJe8B2kKHJhGSPrkKPg3W2KLqn687o=":{"valueMac":{"type":"Buffer","data":"MuVhlHgEWDB6Q3jmzxgQJ2Cy6PCpV1frUW7+Xdq/sPU="}},"i+sYdom44T/54HII2pUprZnxISXdL7CXGPPt6U6smJc=":{"valueMac":{"type":"Buffer","data":"0KcKo9hNFcBXkrSalUmg4rqp58Wvf8Ogr+JOVr5nKAc="}},"jTon1mTsNysgbObHYQkA2cpg31wzcmNYf+RwLDhDrfo=":{"valueMac":{"type":"Buffer","data":"QXPH8gdFbvpk7H7s2/ODOm6V9BUBsGhiZlxMikv6oTs="}},"jW14c0MhYFy9kTxwVdQVHSI2LPg47YSVvl6KVyAPfzE=":{"valueMac":{"type":"Buffer","data":"4/L9puVBZI44FviF02JsxUqfBI7DkmjneaDLkBhSOuU="}},"j2okicLpTh2I6rXVzHYihbeEr32ayauv1O8nwLhCq1U=":{"valueMac":{"type":"Buffer","data":"/64TNFn+hRiRmUI7pKYlUt5scJwQ80zEOaNd3OICIBg="}},"j5W3xCTJ89f7aPAWPrmauwzoaVTXIqNV2EGqbWSb1H0=":{"valueMac":{"type":"Buffer","data":"n0VzYbM4J+4n+MwYARxUqSXGujCqiWmVhYC5EBe6yy4="}},"kLzhXXd1mGKRM3llgIaNQ5uM/sCIMwIF1MhMHjfg9/w=":{"valueMac":{"type":"Buffer","data":"BQu9zlAEmnNAzbB+aFDAVB0GPy/5QXTKfCT3Q7l47vM="}},"kNC8gjn0otSlBqCd821WMN7v9PPT5PGuiVCcsokFZRA=":{"valueMac":{"type":"Buffer","data":"AEYZ2UL7cU4DAS9KlFFyRZabC8LbQDPrSs1/IqsKQKo="}},"kON1/V9wUuveeNvHazgA51fVnSFiWsWYab0jnpuJxVo=":{"valueMac":{"type":"Buffer","data":"e4RtHQoiB9mXolqYspLBfusD+hNlJ7nQxCXaGCSkgj8="}},"kRA7YwbikqRNrWL5wPK+73S6QUqoadeIbemo5NsB9CY=":{"valueMac":{"type":"Buffer","data":"VUCvmzyhZZujgXkotYETaiPiCDeIJJ+6NLMJDgByv3I="}},"kYAONVJQzZcvujG/707uIKDydve+O2IghsuqjvdVm7M=":{"valueMac":{"type":"Buffer","data":"akUDicy8HXGvUTsr0d6CuitkdZ5jVAjddXwunTA22Ak="}},"kZ0dyTla0OYKHZDXqcGKApl7XvUaQj/vg2eTN4Bqc48=":{"valueMac":{"type":"Buffer","data":"6WYAauZsXiQtqZGiTuIgkWvyhsqa1c210lwTrUh+abQ="}},"ko1wy/Cnq7s5hzOy6TqjclBt9aZUq7zpVkcuREDDDMg=":{"valueMac":{"type":"Buffer","data":"zcpTxzhy6LbNCAkVM1zUikktIHjAQYOc+zCScudawSs="}},"lBxb7HvshpNHIJXEElndV/JHAUimEr6F7cD10X5Myss=":{"valueMac":{"type":"Buffer","data":"6l+KYPvrQGZsN9/Gi/55C0tb3BfRxIZtx/yeo8+xTiU="}},"lcMTXo5WCaoEETEym0qaSgsW7Wrdk06rM8SC6ppDSV8=":{"valueMac":{"type":"Buffer","data":"NBl7c/+MErWU+Ms/TQixBBWXmz2SWUBSvKOPGmLPCI0="}},"lyki2sPgZbCavMxpIXZn3yKOiY2gnCcmCM73Y7Uiz78=":{"valueMac":{"type":"Buffer","data":"wc3NVoTgIg1onXuEVqbqYfHga0Kh7qpSKZrUTiA5dPY="}},"l7AcHkVHhRgasybs97heE3CBANMD3zdSvrm5XZj4n/A=":{"valueMac":{"type":"Buffer","data":"5HtHMm+2rhJ1c3Z9ASdBhIcG7Zmt8x7HwKn9UbHP5aY="}},"mdOBMrRaQabRM18jFCcJJuUneIZpGmZ1gGoxKcFVO9k=":{"valueMac":{"type":"Buffer","data":"+m0ogJcNwhUU/wmLAV6gWtCuTnROoMqgB6HfHs0zRTo="}},"mlERI1zFPPqm8wWPLcY0DnFlCVw8LN9MzIJpIs+sbMY=":{"valueMac":{"type":"Buffer","data":"2+bKmw05xPMsy9r7x07Q53FJNkFI07L/cwIdEOz8swc="}},"msD12l0y2g1gu2MpyNHZGKoidKdxJbDnL0xk4IbikyI=":{"valueMac":{"type":"Buffer","data":"6UPiIITTj1wd3hFPAVrLxzeTqOBNbwwpcSmOHZOwIb8="}},"m4LE67iIoKsfMY7Eua+klAS0l4kLJOoK0M0YiHrE0uQ=":{"valueMac":{"type":"Buffer","data":"OwnhWO0TYVkiTPM3G0ZYTVbo6AHyYa6LNSTSkFw+Xew="}},"m/xzUiXYN2wDl8yPJsAB8DIDT2UYC6atOp2iJHuxu5o=":{"valueMac":{"type":"Buffer","data":"kkNLFmZqmJ8hyNjl/11H/0HLKN3pXc+L+eXBQpKQ+zY="}},"ncrvMclesy2kQsVl99TBzdywrBR0e0sNsTvJ6GqG88E=":{"valueMac":{"type":"Buffer","data":"ByFBUg2ic08pq/yZAH97BRNniJkzJXBD0kc5CFCbYAk="}},"n0vSgB7nsAHSArwOvqstXlsNSNG4FZl4pbYdfvNlnOA=":{"valueMac":{"type":"Buffer","data":"mpQ4geq+vFyGC8801d0IS9Zg1uAPTpoVcE1UGa2W2BA="}},"o0ZpejGS+J0eWdl3JmwRhheyfE0DQ2FsnFKcOV3jo80=":{"valueMac":{"type":"Buffer","data":"XrewGggssDUrVztBoVc7XbRfhlmm6IIWeCh3Db8huoY="}},"o+BOqKmP1MlUkO7nPXISDkOJIKOVHrAMJsuYEUXRACk=":{"valueMac":{"type":"Buffer","data":"sqjSJXiXczqFJIHgH78BDZmvsa3nzPN60YQhXFXCrV8="}},"po10RhfK+syVfJFPnixKxxEf7LRqH+cIyDUx7Rvq2FY=":{"valueMac":{"type":"Buffer","data":"0HxebgHGTxcxKlW5fo8eWgGsVWyWjyISCZ0sQIt+0lE="}},"pygjkhDDMio20xOTq6og1LPgTqONdd4nCRF5IJcsvy0=":{"valueMac":{"type":"Buffer","data":"I8K1sfwLo8DX2hKxprK9CDICdnoqvTwoUzmxCsIXGro="}},"p5MuEQBJf5iny/pU844msa+Gv8TB9ftuqcjzoYevZTU=":{"valueMac":{"type":"Buffer","data":"f9oP8W+/QHZP3O4BwAs1VKiFXRIqLxG0Lds6b0QHR1U="}},"qXllPxjzHEjNPsMNUfNkq+9VqDEHe582Cm6G/k8me2w=":{"valueMac":{"type":"Buffer","data":"0ky60hFm3YWJ+z8UN/MTvNJZfuXKLm1zNbdoUnQpb9g="}},"q7q/5TxUiGkfX9KrAKfMfKSjul0ZQ36TNvwCEt5Ywx0=":{"valueMac":{"type":"Buffer","data":"XUun6Ga+/kLdL3yql3R+U0L/wrcM5i1jYh6f7S0Pu+I="}},"rBjod5x3D7dd2f9QhtWXz0kTxRrQtbyu88ZObLC01SU=":{"valueMac":{"type":"Buffer","data":"koIjZeex5c2IQPlGPfRiRb8Lz/AWVa0nktpaNIId76I="}},"rKaDN3qg0J8QPIlshP7UnplIyoOuHw+QCHwhcs0ZNFo=":{"valueMac":{"type":"Buffer","data":"htWL8mHV/nTe1KVjoS1w3vYADR7LdxxlRhnfQg/bX3A="}},"rP14YBXrE0Oxg3vPswu7NnqelpYDnEp+BR4FrySJib4=":{"valueMac":{"type":"Buffer","data":"I6vbIsp1mRLKmzktau6nVB69j1RDQCqEYzOFaf68uOo="}},"raNEbK8jekBb4OuNjvpG1U+i/V0P2y+HDDXHtwuX5CI=":{"valueMac":{"type":"Buffer","data":"dHoNZZX/e12w3li8P8Unz3f87Yd5DV0aNTPH6LLwVcc="}},"rfIUTVKWRpiXv//l0UNRn2M0/MEvmiKUXGWamkPfmOQ=":{"valueMac":{"type":"Buffer","data":"bhOH8mmeTjB9pZFi8+TlAc639CPeswa0r5ULQgQ/RjI="}},"rmZsE/QOfO3eyLcKyYHxub5t+IzKhyc6TC0rGXpzx+o=":{"valueMac":{"type":"Buffer","data":"4MPlPQ6UX0b+MiB0HoXyglV3j55oQhrHoCv5drFiirA="}},"r1ZIkLmP6j2mjf28N3yqFmCt0ti9Fd9Kxk8stEFzcqU=":{"valueMac":{"type":"Buffer","data":"X4AJ9Ti80Vc+z+6isgw3qBAh3WkDVDWeW5SjFBCv2rw="}},"r2sKhD+TSBvrmZru6kZJp7NRyvvfpRbKw9eO6HAaLlk=":{"valueMac":{"type":"Buffer","data":"cvbSvyZUp9yPlZ/EGoPusJm3Z46fWBH23CnMWbJkGB8="}},"sE5vX6UDlTRTWuHrStNZxGnVJeAKriltput+qTLmZ+E=":{"valueMac":{"type":"Buffer","data":"50CqrP7OyUdUPqzarrZG528jk9ArdZA+M+HujBlBkkI="}},"sJVXR+uY9zcZwMaFUdSgUDlZ8LigtslD7I8cm0+a480=":{"valueMac":{"type":"Buffer","data":"94MnbENPQIFK9A3sTr77OvbcThF7fAO7Sj3YfRR1CsY="}},"smNygc8Z/RwEIrPbZR6m505gDTFVLfS3vo8hIhkSCjU=":{"valueMac":{"type":"Buffer","data":"SvfsnAa7ES8C4L6Rl8XESByAMLNnO+gP0TajRsJFL74="}},"svgiP26mz5+1mtAuTcLM79tyzCyF3wVDrnsZuEGBqSs=":{"valueMac":{"type":"Buffer","data":"KoyxX/LG4KMEHYANOmpyXECuKdbYrYtb88BuwN1nfBQ="}},"s5loACR5g8ud0YWmJQ0nfSraZWGp/iCv5/hBkBpI9r0=":{"valueMac":{"type":"Buffer","data":"v8ljq6OqoGGEYzL6zyMMWqB8o4QtzDMs9MYS0n9Ekt8="}},"tC9GlABeJ1xpTypMdp1rCuS9GmEY/HudScrkYYyJ2y0=":{"valueMac":{"type":"Buffer","data":"F0i05wVdwSBJVwz1P0HE8b1cNp/opUpGTP/2nUs2jIo="}},"tWgE79K7j0JeoEQxiAw++aRjYDvob+dE3UEJz5qE/kk=":{"valueMac":{"type":"Buffer","data":"vXxMAB6t5/3+3yLLeKP/Meb35J64xevRQ6reZeCFvjo="}},"tb7m4Dx4F9smQngB10J9slD0ne1vq2BTnYGqWz8vi0o=":{"valueMac":{"type":"Buffer","data":"a0bbS78lUpBhR3X4oxKXskADfb/V2NulZ9jqF5tM69Y="}},"tqbsdfNkvKBfxMORRGu98iTNRIkmArQdctzQu8pUbHg=":{"valueMac":{"type":"Buffer","data":"tbEXS0NSoZ+51raOTMJsQSum63fxyvjfNofXehiEIXw="}},"tuUZxqBCR/nzvghZuKqPGI8q/vK54qhGJksTJ/evJpg=":{"valueMac":{"type":"Buffer","data":"56YdckvHivmKUBZSjdKOHv3sZhm8McDi0NrPy/J9keQ="}},"uLdSBDyU1az9SM2ANjxw76xHpQExqJ2weFDyAAo5qd0=":{"valueMac":{"type":"Buffer","data":"z8w5hS66xCkYnfXVG5zxYGVWsheX6QUVw6+7ct3JlM4="}},"uuI6B9hRl3U5KR9tZiZ88Hd+reY0BsYg4R1SdPJ7wIY=":{"valueMac":{"type":"Buffer","data":"kjQyq6whxW1ZzxgmGCbJp/Wy3f4WBtDzExmoJHYtz0Y="}},"vEM/Fj3APNvYUWT/vMF2+/jLqA8wJJvZGXfVlUpw7cM=":{"valueMac":{"type":"Buffer","data":"25+RwfyXzCe7JLYCTr5HEKcYP1Eht9LCYJRyoh5UKzI="}},"vKIJHhKejQyfcDFL0vmeXdRwdfHsAaGy9ZRYkN/scyc=":{"valueMac":{"type":"Buffer","data":"8UdhYK4DFHCT51VlXqD8XCYZbcKPAMGRc2pJyLTt9lE="}},"vMlFSFcc+FM+DWH7oGPruUydzuNVyt+3n6WMzkTwcwU=":{"valueMac":{"type":"Buffer","data":"T1TpQZ1oh4UZe2BxxW0qpixy3Pr3jt0+EF8F04F62FY="}},"vnkeWYuhaxLjpDn4yXwD+fjtTxqjSGP4AscVfHavW4U=":{"valueMac":{"type":"Buffer","data":"5fnKjMHwMvByZ4FWvEL3NYgKQxb07KxHv3qk3BVtB4A="}},"v4qs989CmDj+933VQQpnL5dFUul/KXzaiZpZ1eNQH38=":{"valueMac":{"type":"Buffer","data":"XstB3itO4QtE2aama/5RwMj9NkUcsBA+aUEEdQKmFR0="}},"v7zHm0NkzG/vJUrtatlPoK04S+57/sJZnAtmRp+tjMU=":{"valueMac":{"type":"Buffer","data":"mxSbsVxhmvQDUFm7dmo+hzuj39updtmiqgpzx1GZSqs="}},"wZR6/lIDhXWRTpc6uEKS6WquXw5KAbOo2TIUIdO/hUI=":{"valueMac":{"type":"Buffer","data":"hPiz2OWIifglubmbMRUSbSu4kYnvRqNmSKUqOE4OHNc="}},"wl3o617NCsUA7FVHsbbUAx3EIbD59HIOtqgMn/3U7Ws=":{"valueMac":{"type":"Buffer","data":"K8gUOnjV/6kQZ/ty3jGMiDq9Od4aLMKR+fC7+9dsiSg="}},"w5GesmDwwnqvEG4tZIbUAukhLWBa/9+rqzmtkMpGCRA=":{"valueMac":{"type":"Buffer","data":"wsXgudGhxTrPgnkIC9ZXC8rU3dwgoCoyqo8N/VcndFY="}},"xRScJzZ56FmP2ig7PLWMXQc5kWtFbFRNmJ95EkV9T9s=":{"valueMac":{"type":"Buffer","data":"B2DEMC6/HbfXLB9V97/r77tN3ORoSQhKLLWMkpvXilc="}},"xqSq3SejjeLG3OUfdDgvcXJH500t/QSGgzbLKv4ISNA=":{"valueMac":{"type":"Buffer","data":"+7d82Nye7/P6UWul0Ejvd4xexrfehkmreaO5UzlGmJE="}},"xxajIGibZWZ7tZE43Bo9yA0qtg2E0cKw3xi7PhUIIhQ=":{"valueMac":{"type":"Buffer","data":"BosKPZk7QubgoblulF8Jt82ItctJJ//AG2gaGrIAKqQ="}},"ycHKJhdnnV0JMUvD+J5lsw4CHqvRRNYhSpGD4J4SY9w=":{"valueMac":{"type":"Buffer","data":"v8edqnIvgdHl+U9d/b+ITbOVLsII7g/UNaYcQjGBJrM="}},"ylG7a8fEf4oZQyaz2rV8fpY8F3nC1vqhkFDTYq1ALZY=":{"valueMac":{"type":"Buffer","data":"GXMEo0HqYnx9GMjCMwjuMr8y7+8+L+s9hA2PWAhFSaA="}},"yp8YZHantmSSCU/8Q1ns3UEZit5W1m3xmGDKOdj8MlY=":{"valueMac":{"type":"Buffer","data":"2415y0KiC+Pc9MRwuNtFROKaRBfSdHVJB7MywleqYGY="}},"yqi5mdIpszsWvuSeWHsmB3yw2a7G+fTWJMtYKdZpdEc=":{"valueMac":{"type":"Buffer","data":"hXt2Gfz5EUnnwe34OLUPqOZ6EL5KwOHTuZC7XnWhvoM="}},"zED6gKSVS7uZAgyi1fP87XZPDZ+XHXopqhGB9l0mB7k=":{"valueMac":{"type":"Buffer","data":"m3LGth6lteOf8AndeaicxyUidFHZcvKbmxHkfx5EOAA="}},"zFD6C8tVEbFOGuS4URh9dCealmNVjsMAqXRew6rbKeY=":{"valueMac":{"type":"Buffer","data":"VCSUHQqntcplo1DVkcMyS0ehwKbALvqO+mkWG+PvbcI="}},"zUhEu7xB+Uzhnm1UJPnjlwu1XRHHGuiAtOY5eArCjJQ=":{"valueMac":{"type":"Buffer","data":"m5WJ/kdeMRTSu6JHiAcHnHF085EF/n7cErzHP009o8M="}},"zYiPr9N6WJsGsIJl8WtrP7bfMv3imaKNgqS+amiJrPo=":{"valueMac":{"type":"Buffer","data":"5+F0TLfQ68DZmxJdF1Hi6nlppckDXxNVmBwJWmwTg9w="}},"ziDzvwh+GtTXGOnQKUEZQc3gdbbWVEyh7RLmDudr5Ig=":{"valueMac":{"type":"Buffer","data":"lw6q3CnNB/NSI05SBhk+3OdebepAXI5j/YohkF3KhCI="}},"z3aN8H7t5ue5dyZtj31z/qx9CPhn22llVuamiLGX2C0=":{"valueMac":{"type":"Buffer","data":"QP1DgBFn0dLpVx3jIuztq/BXyhiE9/yWlnC8bUBP7uM="}},"0JbO/ZxMkxshXp1l8o0IwTI3DcAyYtgnHXVJNilllOQ=":{"valueMac":{"type":"Buffer","data":"rcqRdvCjGKofiPPNqgcFEKEJSfr4OQPBP0LvmfkeNmk="}},"0K4Encrz6+lnRGeinY4dcn6PWftKXXlGHlyFX0MzTeQ=":{"valueMac":{"type":"Buffer","data":"gqFPbtx3faKI664xyW0z7da6hx2M0kULeaTz7EEtKq0="}},"0tWHVdZjncsVAM+fS8x2Ej/z4us0KqtQW11svSDfoUk=":{"valueMac":{"type":"Buffer","data":"cOBKxsuYS8wVmKG0HEzRIABu+FzXr9ylHIp4Wjxy1zU="}},"1IrFjFZCFTEhwv40SmsaWqWooIZJG0DzD9bsV5D9Ufs=":{"valueMac":{"type":"Buffer","data":"tE2fhfYZJ6+1oGlgTYEQiXFfm5P3aw8sdJs623mP3Jo="}},"1JJEIMV2QZOOhyPIaP0xsx5pz+31lXELygo1NxSE52s=":{"valueMac":{"type":"Buffer","data":"R0AR8bTPpl6/ZUd2VGKRT4lcfeZtQPdrdY/NIHnEymQ="}},"1QWkusjYJA1jnsGTS2IoTpvA+igSQk9KAcIwco5P1KE=":{"valueMac":{"type":"Buffer","data":"+y7n3crXnTZ0SSiPjSl92/VI4deJSWEN+qwat9URngI="}},"1XerluWhZiuTESK3JlrAGbF3ktM7xiIwXnSmGzLlDDk=":{"valueMac":{"type":"Buffer","data":"QoSLiSghFvDyvX8y0oZYo6EwjaW24ViZ2T9EyN66rs8="}},"1giPFwQvPl+EFFbELA5kA0/OJihfX1+CVxJkRXSo5Bw=":{"valueMac":{"type":"Buffer","data":"m14LUf30e2+ulLLkxUE1UCJHjPlYweiGeqWtRI8lQjc="}},"1vO2kxYPqLevsAbOpupQykPX3Hu17SBylN4cMJ1ndnw=":{"valueMac":{"type":"Buffer","data":"EbfoHdvUmUf+ce5tlMRIX9bab32OpvFs/G8po1NXDZY="}},"10deKLKoTDLGa4mX5m/i5Ih5OHgiFMwMm3dSUPXtoQQ=":{"valueMac":{"type":"Buffer","data":"e/KTQmgg/4zGp4W4+j3V/SETOqqZQ4lq55eSZzV9YJQ="}},"2Hnswxx97x+xDZ7VB2Bl2BaFIUBWYsSw/13MfgUknY0=":{"valueMac":{"type":"Buffer","data":"t3+hXOhxWXziLJ39qkcM6npdsargeBmwDdt937fiYlo="}},"2U1YO9zXXKjcMP2eYK5IyJCFn96dsqMyIMkNNrIAPms=":{"valueMac":{"type":"Buffer","data":"eRuZkInT/1BAmqs+l/6W5Jh2ntmlcyt2nET84IokzSA="}},"2dQRLX1WK0E3MWWRHmH6LV9GL4AStuHEQBttKvsXKhQ=":{"valueMac":{"type":"Buffer","data":"hC65YIqKWpoZhFlw6mM+Si4LRnCY4J1fy0SswAzesUQ="}},"2xK1kC/LhzBIKAyRLb3hd31hI2XYykHYcCzuBbGwfpU=":{"valueMac":{"type":"Buffer","data":"vPyKn1q8G+gXTgG0jQYCoArE+JpbRd80Zs/hKJ3LrUg="}},"3Zw7UH5z/hwYAwWw8/AnqxMvfiKQB6Xrl67L0MdB2RQ=":{"valueMac":{"type":"Buffer","data":"yNqyBbMO/JADshPnyf4otqy7cnqbNUPxAOF1BTx6W/4="}},"313aHM8nAgDuqxaWXVMp8rAf0q2Y79D0uYrILdj2wf4=":{"valueMac":{"type":"Buffer","data":"zFWJJVOyed193UQ+S53KKhC8fOk9lVNuDtFNkmwJJZA="}},"4EnPSMkVvUPb/lN0KVndqO7qKBBhNiplRwvELArFLt0=":{"valueMac":{"type":"Buffer","data":"lK7QiowUnt6F+i7CMkg+mpuMe+EYcQ1MElcKzjjy1L8="}},"4P7SstqeNS2Da+X8SrrU6sD1x9Ly2oBGkMbXqGoyZsY=":{"valueMac":{"type":"Buffer","data":"zfmdYyiCMAmy65PS9IL1f2Li7K0IRLsqfoUK3P549yM="}},"4TFpH86fQTH0IFtpzM+W6yybEYdDDRElYVe/bsFl9sI=":{"valueMac":{"type":"Buffer","data":"9k2w59xZkvAS4LvnMj7f5u4z7rEylPLliiFZ/M1HXgA="}},"4UdLRmj7gfsPB1nVr3fHukxena9Od5ECXH2SmJjLTZM=":{"valueMac":{"type":"Buffer","data":"ChtMABy18m1Q2HrSLifu/aih1Df2b0eLFrCdTG0kmnA="}},"4gDXA1jaQO7jgJFbebC1IFNt3sQWlSL6a06cRNiQhnU=":{"valueMac":{"type":"Buffer","data":"W7upNK8wpG80biSG5BXKPBCgwvYjlXZ6kdL0E0YWhQk="}},"4lX5BEDH2XCV5CExJiOx0Q+O8reIO/RkLSIokGFSpMs=":{"valueMac":{"type":"Buffer","data":"uvdfAegXjEu5YacCa4NPQpnY9bFL3yIFRuhI5EKoEqM="}},"4xgyVBZcB65y3nLdIN9BNDJ3fWBFEJY7WWjoygst9RA=":{"valueMac":{"type":"Buffer","data":"RRL5lsvSLZ1LZjOac+7zsYfI5Zf0Fhr8G2qIGF5RHZk="}},"5ElDqYlRyyvr9z9WxwS6jNSWQDdygt/cI1MgPf5KdEQ=":{"valueMac":{"type":"Buffer","data":"AdqvOFudUrWhQ/4i8V/hETucWdh2w23X6EeYGSCPkio="}},"5rmCGUnxhXZUTBvNl9WiGKr+B4y9f76b1+7OUUgU/KA=":{"valueMac":{"type":"Buffer","data":"loAuoWkXmM1CKxEJV7dmaAVhV07tCDhwQg0FzcZ6buU="}},"6AA6wlhVUv8ptnNncE8Lng6596EF4vFNjI0vnZZnqF8=":{"valueMac":{"type":"Buffer","data":"bqf8B3qv+Z5Dp14ZRUOE0GcvH5EvkmvbWBQ7MQE+nVk="}},"6HT9TLZRghXZS9/+2jFnzZGxII9r4OVmPo7xacexUTw=":{"valueMac":{"type":"Buffer","data":"8IqE3X0qlyi0r1wD0/+M7aYPH5bdSf698RT3WkpjEZI="}},"6NE69XlLQluXNDIJpDiWjLTA0eilBpQjAbYMRyDdp/w=":{"valueMac":{"type":"Buffer","data":"FCrYuCpqAUjIB59lcKn6ZCS0RDtrczrloRi/+BtxBns="}},"6fHW94y3t771giZzGv+nTz9paqYpSiXENiYysGYtpBc=":{"valueMac":{"type":"Buffer","data":"XJqykcfkXLXcG/BK+AEMnLD/KsnBVHM5LcKb74I+TR4="}},"6g8YyCFK86vH3gweS3pkqlnMLjWTQrYg0e/l0+wvxoU=":{"valueMac":{"type":"Buffer","data":"ZB+wIBLP2kbzGfxE6JsZcenXtsFkini32b0xonKOYkk="}},"6l7RPNKHHbLIQMesxOfAOVBAOWdI0fFLh8L5Al1FTCI=":{"valueMac":{"type":"Buffer","data":"TbIsIIHWNJu2kr3StGXYM1TnBii5diL9v0pcu4rFRUQ="}},"6pug+p18uDT69mE+3w70Atkqbh3WePupQPvLTA6ErGk=":{"valueMac":{"type":"Buffer","data":"Qlgvz0m3BcqO6EUNYKSBxPeSeUEQWOoACDbE6PZvpJ8="}},"68h/MB8+/kjfItkcpQ3/FhQI+SDcIOXVZhX+SVXTGZ8=":{"valueMac":{"type":"Buffer","data":"t4lFZggDfBwZrOW6q2g99Fp77R2GYdPzCLglmw1gpw4="}},"7Ar257C/xRaGgr4Tr2jqlAFrj6QNT1QYW8y5Rx3kV+M=":{"valueMac":{"type":"Buffer","data":"yTnZTZrWNsA55Pq8jw1Zmo/BY4IrZ3cagUUBRWLb3jw="}},"7BsAiS3gfztS8w8X7Iw82arC0sJVtlnrAzn0tGSfbm8=":{"valueMac":{"type":"Buffer","data":"muJqqFAYuxdeG4GHKBZG5SGSbGZtYFWyijRzQ4qhTG0="}},"7LkItVmzA491+pXmfh2WCyPv8nvavWq7wWb8tOXZ79Q=":{"valueMac":{"type":"Buffer","data":"WIE0CQN0tGr5IN6o+dq58pVYJOesdd25fxEPRF8/qOk="}},"72DhYvru6bBdvBXXXcCPosnN1nwxehi8lR4OH7TNn5c=":{"valueMac":{"type":"Buffer","data":"7J24STLQcnWvb7ssq8tJF8VRYDrUXonAc8Gq8U/xlok="}},"77hOPwRAc1LY11lcMzcvy/Qp9NONPbmp46h5wJH/uNw=":{"valueMac":{"type":"Buffer","data":"nduUD8l1OmDi3/R/OhAzFZasI5wokBCmKCkj5T/k/34="}},"8bw91gmdAicR1Omu8y2e8thn5TWCY4f4KWIi+NZ4Q2E=":{"valueMac":{"type":"Buffer","data":"85RQ+ojGg5+emqdAcCkFSuRpAP5P75ezOXZJ2GF2PEk="}},"9HgRM/Vg3JoOARibbdmtHQ+ITP8qylISHjyaLyXpcBw=":{"valueMac":{"type":"Buffer","data":"Fal60S1sDrgG9UuiFegQcH7Iq5BIFF7XFVNz/Sc5b1g="}},"9bA1UKGqovY9xmzzTK8DgolSTiXCkOM/l0cCQ2crMGU=":{"valueMac":{"type":"Buffer","data":"ZKS0PPF+mxZGSYd1yopuoFbQeSy7vASiH1RPQSKc9qs="}},"9qO1BJF5EGNkrklxKS7vzpuuvwGz4OIyJ3UzG3dwW0w=":{"valueMac":{"type":"Buffer","data":"5dgtgLo1vRbEEE7omtIEG5ijZ90LQoO1DOWdn4flDLU="}},"9tAGnW8ksUHz0I9W+7FKs/RCN+T0nP35V3f/TXK5EOM=":{"valueMac":{"type":"Buffer","data":"6jyjkMDsOvUM9jXlWh0HjNFqMA4Nsc/yzRloOKdev2g="}},"+K/Gf9d7PqE7wypEny7fDS9J77SNmNHAQQTM96eAfis=":{"valueMac":{"type":"Buffer","data":"9uhBuB1Z8QI7EM7F3YsCzlWfMcmGSDCvQnSrHMH/E8o="}},"+u1NimDT5KG4nrl2eVMOXqu70cSs0JRlkIENvGV4tFY=":{"valueMac":{"type":"Buffer","data":"vBIOkEzrhXAYztqJXO0+MIh74KUxw3O8MnkLbkreC70="}},"+zMD4939rkshgpFs/cD2CFSsb7A4+cpURFvdcVBiQ2k=":{"valueMac":{"type":"Buffer","data":"hOTMeel0v5sfTPsEYVQhe+njutfbtz/ikKrqOhkyAx4="}},"+/hplQSgOvC6m8bpft3hswiNrl8hc40P63fG7I2l4zY=":{"valueMac":{"type":"Buffer","data":"aWqR0m4VuViFjdGsgK3dHwm01auaDgeKdSdi7XGZVrI="}},"/Qy9PubGAWwOn3Dq/k25rtA4CUXaC5vE2CyREw7hiek=":{"valueMac":{"type":"Buffer","data":"RLvAmMrA6ycUWY31GCL+6wirKu3qfnpsQbqCBxj9HLo="}},"/dxfCrw/eREhR31qaVsFT5YYH6/+BjknmWVNUCozfXk=":{"valueMac":{"type":"Buffer","data":"/UbQLEpK7CfD7G4uCTAA6wCpZVM/qmSBkKMhZAVhsac="}},"/rZYy/t12xqAk/P0d3FjlE21Vq6BpBEX+fhgEHToJ5A=":{"valueMac":{"type":"Buffer","data":"cbQuP+KAURH7QzJKJ3bjH2v5f10VHpxkLTNKwE1FCG8="}},"/vmaEdAf2tp6JvDd9xWea4jwRinwBTWd0z5RJq/PAmg=":{"valueMac":{"type":"Buffer","data":"BBUJWc53K/pxRTPF4A8ntuAkMza+TkXDxwOg38hf5hk="}}}}