{"_sessions":{"BU5+oNMe6snz0FgdZ4VZjafdBYE3QKECAzQ3YTm0mUp3":{"registrationId":1381315359,"currentRatchet":{"ephemeralKeyPair":{"pubKey":"BSST95GxNVvWaMoAuZrs2qod9wcGhBas5xntMW43Rpdy","privKey":"AA6JHXfkR9UW10qYnxmFVPv0+4TGdRZaSUhbv7qwgEc="},"lastRemoteEphemeralKey":"BWVdR77JZZ6Omkx/3a3k+ABbHXvqY2m2ypg1VWbliu8V","previousCounter":0,"rootKey":"LJmkvdwNx1hVqMRJiDF4V1FnLkzoBFVjqdGSNYo63sI="},"indexInfo":{"baseKey":"BU5+oNMe6snz0FgdZ4VZjafdBYE3QKECAzQ3YTm0mUp3","baseKeyType":2,"closed":1676276598493,"used":1676089251861,"created":1676038160961,"remoteIdentityKey":"BWr7r+aWUb4o6AkhIvZibKESBJxBnpqTPm7PaoIFTdMf"},"_chains":{"BVzlFioYY4VSZAahjIJrjUiz+IQboEZtSg/u2/ikerI9":{"chainKey":{"counter":0},"chainType":2,"messageKeys":{}},"BVrFyPMbMH3vEvDyhGVr4xlGhO7HofNmxOivZ23dIcsg":{"chainKey":{"counter":0},"chainType":2,"messageKeys":{}},"BXPzShWfckBMe11ly9RtAC64e0QZQlbY9vTfPm0oJ0Md":{"chainKey":{"counter":0},"chainType":2,"messageKeys":{}},"BS9HaR1L8RvYQllg38xzBeVvPe+j1eD8HLCtY9jI2O8T":{"chainKey":{"counter":0},"chainType":2,"messageKeys":{}},"BT24WNVjRwVL4l3TuhepTqL7KehbfKqqEc7aKEb9BHgK":{"chainKey":{"counter":0},"chainType":2,"messageKeys":{}},"BTRpvKxhTCOE8mdguY8rGO09ygVLZni4VQrl90Us9fZQ":{"chainKey":{"counter":0},"chainType":2,"messageKeys":{}},"BWXvZ1KL90ksIM18fYhSbHnQ86aiZDf48cqThqzyiW9f":{"chainKey":{"counter":0},"chainType":2,"messageKeys":{}},"BctjijgeLFYWZS8EVVNX8ktUQW9F3g5RwyPTlvwrp3RS":{"chainKey":{"counter":0},"chainType":2,"messageKeys":{}},"BaPepLH+GkkmS8so+mpkCK0Bx8SUZC9NPiQhoKSHwEN0":{"chainKey":{"counter":2},"chainType":2,"messageKeys":{"2":"2unUJO1ENYbQai7epc4ksYdVDkClK3efc7O+CGPruzk="}},"BcENSTTUnIg9iAZvwdY1FUW6oBYhSmwoDTffxouX5NVS":{"chainKey":{"counter":3},"chainType":2,"messageKeys":{}},"BbKb7Z5livukLQyFkofk4nWVf24X8ndpEINByr99Qxgk":{"chainKey":{"counter":2},"chainType":2,"messageKeys":{}},"BVujEs2PzZuDuS4F/m97MjUGhsyjg380SHkJ+aSa/cQx":{"chainKey":{"counter":0},"chainType":2,"messageKeys":{}},"Bdlx1EuwnmScpIvFlDVCT2/EIEh+zUuMTYGpWCXxMEcT":{"chainKey":{"counter":0},"chainType":2,"messageKeys":{}},"BaBqHQfsG/Z0pNhVy14Hy6uSuwtiOxReWwG2nW9woQlb":{"chainKey":{"counter":0},"chainType":2,"messageKeys":{}},"BTu81VZwPqKxGEFYEvqL9ONLFskX2hy/mkgUQdn14jgh":{"chainKey":{"counter":0},"chainType":2,"messageKeys":{}},"BfVZp1sX0sTbmRnwCwu7s6POHFCY3RUK87xAjs+KezBr":{"chainKey":{"counter":0},"chainType":2,"messageKeys":{}},"BUH/hS7yR9NiRX0KpLesvgfAtQwjqNUpgZwW7WX2Qu1f":{"chainKey":{"counter":0},"chainType":2,"messageKeys":{}},"BZ0GDKF32H5tX5D4rOrzndMb2p2bExehozVEDIC0cslj":{"chainKey":{"counter":0},"chainType":2,"messageKeys":{}},"BbTuw2w5NWYrF6qVPK548t4ieAFvBTYDua9wT1WD3/9E":{"chainKey":{"counter":0},"chainType":2,"messageKeys":{}},"BcaMPhZuxrVqDg+CgNFw7CIEeDr7BC5KUx1FGDQVrGoj":{"chainKey":{"counter":0},"chainType":2,"messageKeys":{}},"BcDch94aSKYrCQzj5c5MScHAK7ZqcbXPwRTXUdoTHjQ9":{"chainKey":{"counter":0},"chainType":2,"messageKeys":{}},"BU5A42xo0SQvio6QpMewp/qcKYmGYSiaHdMPfq/HY8he":{"chainKey":{"counter":0},"chainType":2,"messageKeys":{}},"BVa2T0xIq5BnJJq3biRaXzwdg+kstSER1wO9DlJNReI5":{"chainKey":{"counter":0},"chainType":2,"messageKeys":{}},"BU4m5Ww9/TAW4s1yqOedaLX1gjtZZ0D0Pnof+yhT2WAq":{"chainKey":{"counter":0},"chainType":2,"messageKeys":{}},"BQPR8zw3p6MEbOdn73Q2LyIOYNOrvOXfQ0GSyiHC/WdC":{"chainKey":{"counter":0},"chainType":2,"messageKeys":{}},"BfQQasWPTCcH+7hMOZx8IynIyWB/3NTuXDnhR4GRjU4b":{"chainKey":{"counter":0},"chainType":2,"messageKeys":{}},"BdKwbW1zNMQ7S/aiFrb88yPMoTkL0+kZ66EOXSENSZMU":{"chainKey":{"counter":0},"chainType":2,"messageKeys":{}},"BfDyhrgTLTXxDYrHTi7Cw2K/gA+iWwcontMsa5YMg0EX":{"chainKey":{"counter":0},"chainType":2,"messageKeys":{}},"BZKGp+PH+gKEjyiOVeuveCFqTt2o33AjVJe06YBDrigv":{"chainKey":{"counter":1},"chainType":2,"messageKeys":{}},"BVE0Z1eOkenQsdb+MsrbQPhRUkrthlxbqzazI22D9yYV":{"chainKey":{"counter":0},"chainType":2,"messageKeys":{}},"BYJu1YQhp6hJV99nZrEvOH9iytJ8kLvkWo14vul6J1cT":{"chainKey":{"counter":0},"chainType":2,"messageKeys":{}},"BZNCKWAcEMvsIvOitWXXs+6SH9ymtC4dVXm2p4fPW7No":{"chainKey":{"counter":0},"chainType":2,"messageKeys":{}},"BV6CbJlPP+anQoeJLR42SoMCosjUGVGhb6hFZ9z7SzRd":{"chainKey":{"counter":1},"chainType":2,"messageKeys":{}},"BXaGCfcI99ieA7ugicH8fQdNX74s6e3eOcVR+AOmCy0I":{"chainKey":{"counter":0},"chainType":2,"messageKeys":{}},"Bb3Sd9tA2JGn0DJH5uBJWcavWzZ5eCBEU4/boTFbahMZ":{"chainKey":{"counter":0},"chainType":2,"messageKeys":{}},"BYpgEvq75xWKh9T1vQuQBhLIFx8+uvYBhOMiOAMpwIIZ":{"chainKey":{"counter":0},"chainType":2,"messageKeys":{}},"BQmBX+K57JYy1mf5J5xuw/lNkpV1JmeyMxZowppVWWc2":{"chainKey":{"counter":0},"chainType":2,"messageKeys":{}},"BVs5p/CbG4Basngtxe+OBmwsFRAtNPSf2Hlj0DzrNYUg":{"chainKey":{"counter":0},"chainType":2,"messageKeys":{}},"BcxAPqmF7+zrSJJde0EFQ8oWC5BXBOX9aUSkFVlQ53Bg":{"chainKey":{"counter":0},"chainType":2,"messageKeys":{}},"BW+PSeFsU2QTc32lc+TM2Md3O3+scGg9glSetaJW9sB7":{"chainKey":{"counter":0},"chainType":2,"messageKeys":{}},"BYHDC/w3+C+e9dQIOA2rWlkC6jcoW7AXtrSi4McXzEs+":{"chainKey":{"counter":0},"chainType":2,"messageKeys":{}},"BSZS2RgMMAufGMBlfrNSqucXfxKQEjklrM0SYBb+Nxcx":{"chainKey":{"counter":1},"chainType":2,"messageKeys":{}},"Bcgq86vzpk3GAmJvbgdNCQ+5Nm578qggoLtvJiyXh0oF":{"chainKey":{"counter":0},"chainType":2,"messageKeys":{}},"BfMWlDnBI5U/+aPWyW++efrF5EkzFFXJbM5V5qqrQW45":{"chainKey":{"counter":0},"chainType":2,"messageKeys":{}},"BXWyRqoJpNkl/AgT3BDhi80qqn3x0Fm/mHkgzXleQyBU":{"chainKey":{"counter":0},"chainType":2,"messageKeys":{}},"BVaterGW/a8zN0SiLs0LsEf/yNusAQA/D8e3ip9hZ6cv":{"chainKey":{"counter":0},"chainType":2,"messageKeys":{}},"BcKGLimM0D/cRGO+ppgLFKojm6zoPAIzFDXMbhLGLD0t":{"chainKey":{"counter":0},"chainType":2,"messageKeys":{}},"BWgEH+fMWBSHWodP3trcTxASlBt/EYKOLz2y3Xd/g59O":{"chainKey":{"counter":0},"chainType":2,"messageKeys":{}},"BbuHtQUa3ao3FAi5qJZqOKkILXmo7NTg5K44j33WFxAO":{"chainKey":{"counter":0},"chainType":2,"messageKeys":{}},"BQN7gOgyhYyuzP1fBaClRsicWcJuvMmXpCCtNZiF9Zsf":{"chainKey":{"counter":0},"chainType":2,"messageKeys":{}},"BdxPxS+awk3hC5+LSPH6l7zK+PHaYCw/ZJRgpgNVLNoZ":{"chainKey":{"counter":0},"chainType":2,"messageKeys":{}},"BaIDSz0gZDbWMV0diEnmnqBKwMXPfiIZsjMUL3Z9lNAv":{"chainKey":{"counter":0},"chainType":2,"messageKeys":{}},"BSPSIFQ+tF8HM/PkC9lwtUSffSvbfnw0hIBj7Tqdq2Fo":{"chainKey":{"counter":0},"chainType":2,"messageKeys":{}},"BbR/P+0hOSB6miwCLZZrDnZS9VYsHS4HFqYTCZrTIHtF":{"chainKey":{"counter":0},"chainType":2,"messageKeys":{}},"BXvD3cWKxDtXiRNyoeUXQI7tglZgq/oPIy20hQW/BEpQ":{"chainKey":{"counter":0},"chainType":2,"messageKeys":{}},"BQttB+7uPY9Az0QB3v1vtIMcNNHDnep7CAjiiAoprap3":{"chainKey":{"counter":0},"chainType":2,"messageKeys":{}},"Bf+WUWRxCJOAk/v73ZiSSjyrFC8qY8q5vY1HAkSbJL4X":{"chainKey":{"counter":0},"chainType":2,"messageKeys":{}},"BQbAoG9r95WagkRknPyakMI7YJ3JFvyYuu7hsvKw/IBe":{"chainKey":{"counter":0},"chainType":2,"messageKeys":{}},"BWVdR77JZZ6Omkx/3a3k+ABbHXvqY2m2ypg1VWbliu8V":{"chainKey":{"counter":0,"key":"iIy6lHjvMb11LLVq1qHlwH3taSW/zlUXMLFfF041WM8="},"chainType":2,"messageKeys":{}},"BSST95GxNVvWaMoAuZrs2qod9wcGhBas5xntMW43Rpdy":{"chainKey":{"counter":0,"key":"2todANxyc22+j8ldsWhVlE/k6JxJek2FBOaLJEKHSqw="},"chainType":1,"messageKeys":{}}}},"BRTIr0IoXh+TjPkUZELmNQrd8XLoc5eB8lRTIzs7TGIk":{"registrationId":1381315359,"currentRatchet":{"ephemeralKeyPair":{"pubKey":"BTxIK4mRfENM2zIJa0JxzYzCBSP6g/iGq1XnvfjZzEJN","privKey":"gFv+xv/JhAbZsQoJcJxZDeKf182x8x8ukwJj7XdgvFY="},"lastRemoteEphemeralKey":"Bc4u54Fx6ObEGrmdrrU7OxRgxATUjRcY7EdjsBL0exs1","previousCounter":0,"rootKey":"udbsxwYFKvo2AiOBl8facCO9uQvrGd8q3say5QxmJ2g="},"indexInfo":{"baseKey":"BRTIr0IoXh+TjPkUZELmNQrd8XLoc5eB8lRTIzs7TGIk","baseKeyType":2,"closed":-1,"used":1676276663843,"created":1676276598527,"remoteIdentityKey":"BWr7r+aWUb4o6AkhIvZibKESBJxBnpqTPm7PaoIFTdMf"},"_chains":{"Ba3j5aPDoLZm5gH5UOMQZ9NClJmLzBJEmRG0YIqJV4cT":{"chainKey":{"counter":1},"chainType":2,"messageKeys":{}},"BVVekHlhNWTmqyEAY2vl2at4Qd5ZtamWB/bdUHBIRWY+":{"chainKey":{"counter":0},"chainType":2,"messageKeys":{}},"Bc4u54Fx6ObEGrmdrrU7OxRgxATUjRcY7EdjsBL0exs1":{"chainKey":{"counter":0,"key":"J3x25SRl1XavgaKcC5LJNEP6X8O1+xz6TEX0C3jOSsw="},"chainType":2,"messageKeys":{}},"BTxIK4mRfENM2zIJa0JxzYzCBSP6g/iGq1XnvfjZzEJN":{"chainKey":{"counter":-1,"key":"xHYWrgftcL0YNW2LmR7TpBvHKYz3Dr5QbwrKTvv0jW0="},"chainType":1,"messageKeys":{}}}}},"version":"v1"}