{"noiseKey":{"private":{"type":"Buffer","data":"4Jj/1VmrrqX3F7aplL5xkQ4xWxfdTER87jdqwE/EJn8="},"public":{"type":"Buffer","data":"Q05YqQWB/AuSrwiyYZK9bn2p5qmkwOynWjH/9zpm9Ao="}},"signedIdentityKey":{"private":{"type":"Buffer","data":"+FCWfmuemkQ4TqWfDnGMTggk/SxHEgDEvtZVioYNyWA="},"public":{"type":"Buffer","data":"7BqVVU/SrrF04AcMLGcwP6uQXacrkgBdSrVd8khyKio="}},"signedPreKey":{"keyPair":{"private":{"type":"Buffer","data":"qG7+MuTJCl9Mfxzmnje0iL5mtHtQ80590JBChpYNfUc="},"public":{"type":"Buffer","data":"pGlU37RhTSzf1ZuJzf6RtQbuMTtkO9SGWl858KCz8Gw="}},"signature":{"type":"Buffer","data":"wE8yGE278KuvFmbY78qaaTDIaJSqj87IjqmKqhM8ccZjY+skKXYV1R+t5KbKJdkWVrSLVFLAl2RcPCgRCnyLjQ=="},"keyId":1},"registrationId":2,"advSecretKey":"1fbfm0a39aqosWlVEOfiylzEA3XSht7gOvnTwsWno6U=","processedHistoryMessages":[{"key":{"remoteJid":"6285837526640@s.whatsapp.net","fromMe":true,"id":"D25047C74C8435B94C817B5415730615"},"messageTimestamp":1676038123},{"key":{"remoteJid":"6285837526640@s.whatsapp.net","fromMe":true,"id":"5511E5A80265A6F31002E349B1918BB6"},"messageTimestamp":1676038123},{"key":{"remoteJid":"6285837526640@s.whatsapp.net","fromMe":true,"id":"7CF1FF6FE4BDD25BBDA6681C8E42DD89"},"messageTimestamp":1676038125},{"key":{"remoteJid":"6285837526640@s.whatsapp.net","fromMe":true,"id":"07D27610127931F5FFBEFA82B8BBC560"},"messageTimestamp":1676038125}],"nextPreKeyId":41,"firstUnuploadedPreKeyId":41,"accountSyncCounter":1,"accountSettings":{"unarchiveChats":false},"account":{"details":"CIurydgCEOafmZ8GGAM=","accountSignatureKey":"DcCJswzYD+GSc19XMhJCyCR4m1ne7gXEF0zb5SGAyCs=","accountSignature":"ncxM7Nh5cARa9R5f1Ids4Rp938Y+yzAsoqdyrAaWXDiP3WUTtxsY9p8KSh6rajvvMEJlo+g0f7lzdkcAReAkBg==","deviceSignature":"5FmwCuWprzWG0AxMENlI/ChmHs9V1yPvtn77g9fP2FdaX9S+rK2kiVO28Q0y+fDuQBQ/hxPoXLvs+U3163YhiQ=="},"me":{"id":"6285837526640:3@s.whatsapp.net","name":"OpenAi WhatsApp"},"signalIdentities":[{"identifier":{"name":"6285837526640:3@s.whatsapp.net","deviceId":0},"identifierKey":{"type":"Buffer","data":"BQ3AibMM2A/hknNfVzISQsgkeJtZ3u4FxBdM2+UhgMgr"}}],"platform":"android","lastAccountSyncTimestamp":1676038224,"myAppStateKeyId":"AAAAACZq"}