{"_sessions":{"BZXRLc26qemCXYICax3UIV4WKxURLhoLoSQQbfCgswZD":{"registrationId":212,"currentRatchet":{"ephemeralKeyPair":{"pubKey":"BVrWUM7m6HHTlhb8nakhIds1WFtCe3LdGeSy6dOGIChM","privKey":"EBeLZn3jyFP6JrZc0+70kB1Mao4LeAmBaPXz5iblgW4="},"lastRemoteEphemeralKey":"BVV+LG67YGRbPGfa/HJJOAq5D4SJlScxHsmBayLP1bBg","previousCounter":0,"rootKey":"fUNaEfVY5UMfiMyrQy0SpDMKrKbzuhxB8QtYtkPFvho="},"indexInfo":{"baseKey":"BZXRLc26qemCXYICax3UIV4WKxURLhoLoSQQbfCgswZD","baseKeyType":2,"closed":-1,"used":1676387068973,"created":1676387068973,"remoteIdentityKey":"BeayYuNnljiEYELXAN+wZYX4cQ100aXBU8u+2qBLQPUw"},"_chains":{"BVV+LG67YGRbPGfa/HJJOAq5D4SJlScxHsmBayLP1bBg":{"chainKey":{"counter":2,"key":"BCK6iSVpxaQV2UzIm/fiVJ9iwlEqwSmAYOgadJ6dj20="},"chainType":2,"messageKeys":{}},"BVrWUM7m6HHTlhb8nakhIds1WFtCe3LdGeSy6dOGIChM":{"chainKey":{"counter":5,"key":"1TNGGI0nvbOQSjFGIlmpK3FPjCvbhNAZqjUCOKmlcQ4="},"chainType":1,"messageKeys":{}}}}},"version":"v1"}