{"_sessions":{"BZk2jE1t+1/ShjfNipryszhSRlkUvFFDri7big4Di5pf":{"registrationId":2120189575,"currentRatchet":{"ephemeralKeyPair":{"pubKey":"BSLajiMVhgZxmT1ilnJhLVKDApjCCY5QuaaB2eTJtoZZ","privKey":"KMKGNWMhT6YN+Xl/10LrgelgMzlX3zYdSosgUVo4bEY="},"lastRemoteEphemeralKey":"BdZLmtbwit59ipeewkbcPxaH2qlc2kDJYjw6hYawMutl","previousCounter":32,"rootKey":"h82Tiz30qnTr3fEIv+o7t7MSI2zOoriri9TzRP4U4pU="},"indexInfo":{"baseKey":"BZk2jE1t+1/ShjfNipryszhSRlkUvFFDri7big4Di5pf","baseKeyType":2,"closed":-1,"used":1676040583327,"created":1676038124321,"remoteIdentityKey":"BQ3AibMM2A/hknNfVzISQsgkeJtZ3u4FxBdM2+UhgMgr"},"_chains":{"BTqQ4XD3Gg7by3RUMgDWN51A014yJDR33wyqzI+k2OcT":{"chainKey":{"counter":7},"chainType":2,"messageKeys":{}},"BTc/SOYWtJmpyeGJuzI5FWruUMhJzIY/6G8E7agBiAh8":{"chainKey":{"counter":1},"chainType":2,"messageKeys":{}},"BdZLmtbwit59ipeewkbcPxaH2qlc2kDJYjw6hYawMutl":{"chainKey":{"counter":0,"key":"B2J8tYCCG0RtNGAIzUPfJ/4u7X0eVy2WeQg9buxhdiQ="},"chainType":2,"messageKeys":{}},"BSLajiMVhgZxmT1ilnJhLVKDApjCCY5QuaaB2eTJtoZZ":{"chainKey":{"counter":47,"key":"WeI00eEqoiD13tis6JpTHDU3PqhDQs7MKWykNHGFywQ="},"chainType":1,"messageKeys":{}}}}},"version":"v1"}