{"_sessions":{"BaiN9wCU8/JNqnQdY7VaAjyt0ticNlXQ7eNWsCph3YdL":{"registrationId":2596996162,"currentRatchet":{"ephemeralKeyPair":{"pubKey":"BRBI6QlWVbBTr7MUp3L8rXHpsnOIU935lFR5ygSc23EW","privKey":"CEEkze6mj2eb66bvh01Sv8I9IfuGpNIFILHsn0SP/W4="},"lastRemoteEphemeralKey":"BegH30V8RiwQ+OVVURyont9XSEK3xNuuGqv7BZaQ0w5d","previousCounter":0,"rootKey":"t1fTiYQ6iGeW0ObIqniDph7anL2kqlQXAHz4MyMTGpA="},"indexInfo":{"baseKey":"BaiN9wCU8/JNqnQdY7VaAjyt0ticNlXQ7eNWsCph3YdL","baseKeyType":1,"closed":-1,"used":1676315472853,"created":1676315472853,"remoteIdentityKey":"BfapkaZSgkWvxn4NszZjip6RKXhNuqutMJCE6bSF9VRt"},"_chains":{"BRBI6QlWVbBTr7MUp3L8rXHpsnOIU935lFR5ygSc23EW":{"chainKey":{"counter":3,"key":"53OcV1Tl01yV/LCzeTNU8kdK97Ue0ZgkG7ORqDePURM="},"chainType":1,"messageKeys":{}}},"pendingPreKey":{"signedKeyId":1,"baseKey":"BaiN9wCU8/JNqnQdY7VaAjyt0ticNlXQ7eNWsCph3YdL","preKeyId":19}}},"version":"v1"}