{"_sessions":{"BU5+oNMe6snz0FgdZ4VZjafdBYE3QKECAzQ3YTm0mUp3":{"registrationId":1381315359,"currentRatchet":{"ephemeralKeyPair":{"pubKey":"BSST95GxNVvWaMoAuZrs2qod9wcGhBas5xntMW43Rpdy","privKey":"AA6JHXfkR9UW10qYnxmFVPv0+4TGdRZaSUhbv7qwgEc="},"lastRemoteEphemeralKey":"BWVdR77JZZ6Omkx/3a3k+ABbHXvqY2m2ypg1VWbliu8V","previousCounter":0,"rootKey":"LJmkvdwNx1hVqMRJiDF4V1FnLkzoBFVjqdGSNYo63sI="},"indexInfo":{"baseKey":"BU5+oNMe6snz0FgdZ4VZjafdBYE3QKECAzQ3YTm0mUp3","baseKeyType":2,"closed":1676276598493,"used":1676089251861,"created":1676038160961,"remoteIdentityKey":"BWr7r+aWUb4o6AkhIvZibKESBJxBnpqTPm7PaoIFTdMf"},"_chains":{"BVzlFioYY4VSZAahjIJrjUiz+IQboEZtSg/u2/ikerI9":{"chainKey":{"counter":0},"chainType":2,"messageKeys":{}},"BVrFyPMbMH3vEvDyhGVr4xlGhO7HofNmxOivZ23dIcsg":{"chainKey":{"counter":0},"chainType":2,"messageKeys":{}},"BXPzShWfckBMe11ly9RtAC64e0QZQlbY9vTfPm0oJ0Md":{"chainKey":{"counter":0},"chainType":2,"messageKeys":{}},"BS9HaR1L8RvYQllg38xzBeVvPe+j1eD8HLCtY9jI2O8T":{"chainKey":{"counter":0},"chainType":2,"messageKeys":{}},"BT24WNVjRwVL4l3TuhepTqL7KehbfKqqEc7aKEb9BHgK":{"chainKey":{"counter":0},"chainType":2,"messageKeys":{}},"BTRpvKxhTCOE8mdguY8rGO09ygVLZni4VQrl90Us9fZQ":{"chainKey":{"counter":0},"chainType":2,"messageKeys":{}},"BWXvZ1KL90ksIM18fYhSbHnQ86aiZDf48cqThqzyiW9f":{"chainKey":{"counter":0},"chainType":2,"messageKeys":{}},"BctjijgeLFYWZS8EVVNX8ktUQW9F3g5RwyPTlvwrp3RS":{"chainKey":{"counter":0},"chainType":2,"messageKeys":{}},"BaPepLH+GkkmS8so+mpkCK0Bx8SUZC9NPiQhoKSHwEN0":{"chainKey":{"counter":2},"chainType":2,"messageKeys":{"2":"2unUJO1ENYbQai7epc4ksYdVDkClK3efc7O+CGPruzk="}},"BcENSTTUnIg9iAZvwdY1FUW6oBYhSmwoDTffxouX5NVS":{"chainKey":{"counter":3},"chainType":2,"messageKeys":{}},"BbKb7Z5livukLQyFkofk4nWVf24X8ndpEINByr99Qxgk":{"chainKey":{"counter":2},"chainType":2,"messageKeys":{}},"BVujEs2PzZuDuS4F/m97MjUGhsyjg380SHkJ+aSa/cQx":{"chainKey":{"counter":0},"chainType":2,"messageKeys":{}},"Bdlx1EuwnmScpIvFlDVCT2/EIEh+zUuMTYGpWCXxMEcT":{"chainKey":{"counter":0},"chainType":2,"messageKeys":{}},"BaBqHQfsG/Z0pNhVy14Hy6uSuwtiOxReWwG2nW9woQlb":{"chainKey":{"counter":0},"chainType":2,"messageKeys":{}},"BTu81VZwPqKxGEFYEvqL9ONLFskX2hy/mkgUQdn14jgh":{"chainKey":{"counter":0},"chainType":2,"messageKeys":{}},"BfVZp1sX0sTbmRnwCwu7s6POHFCY3RUK87xAjs+KezBr":{"chainKey":{"counter":0},"chainType":2,"messageKeys":{}},"BUH/hS7yR9NiRX0KpLesvgfAtQwjqNUpgZwW7WX2Qu1f":{"chainKey":{"counter":0},"chainType":2,"messageKeys":{}},"BZ0GDKF32H5tX5D4rOrzndMb2p2bExehozVEDIC0cslj":{"chainKey":{"counter":0},"chainType":2,"messageKeys":{}},"BbTuw2w5NWYrF6qVPK548t4ieAFvBTYDua9wT1WD3/9E":{"chainKey":{"counter":0},"chainType":2,"messageKeys":{}},"BcaMPhZuxrVqDg+CgNFw7CIEeDr7BC5KUx1FGDQVrGoj":{"chainKey":{"counter":0},"chainType":2,"messageKeys":{}},"BcDch94aSKYrCQzj5c5MScHAK7ZqcbXPwRTXUdoTHjQ9":{"chainKey":{"counter":0},"chainType":2,"messageKeys":{}},"BU5A42xo0SQvio6QpMewp/qcKYmGYSiaHdMPfq/HY8he":{"chainKey":{"counter":0},"chainType":2,"messageKeys":{}},"BVa2T0xIq5BnJJq3biRaXzwdg+kstSER1wO9DlJNReI5":{"chainKey":{"counter":0},"chainType":2,"messageKeys":{}},"BU4m5Ww9/TAW4s1yqOedaLX1gjtZZ0D0Pnof+yhT2WAq":{"chainKey":{"counter":0},"chainType":2,"messageKeys":{}},"BQPR8zw3p6MEbOdn73Q2LyIOYNOrvOXfQ0GSyiHC/WdC":{"chainKey":{"counter":0},"chainType":2,"messageKeys":{}},"BfQQasWPTCcH+7hMOZx8IynIyWB/3NTuXDnhR4GRjU4b":{"chainKey":{"counter":0},"chainType":2,"messageKeys":{}},"BdKwbW1zNMQ7S/aiFrb88yPMoTkL0+kZ66EOXSENSZMU":{"chainKey":{"counter":0},"chainType":2,"messageKeys":{}},"BfDyhrgTLTXxDYrHTi7Cw2K/gA+iWwcontMsa5YMg0EX":{"chainKey":{"counter":0},"chainType":2,"messageKeys":{}},"BZKGp+PH+gKEjyiOVeuveCFqTt2o33AjVJe06YBDrigv":{"chainKey":{"counter":1},"chainType":2,"messageKeys":{}},"BVE0Z1eOkenQsdb+MsrbQPhRUkrthlxbqzazI22D9yYV":{"chainKey":{"counter":0},"chainType":2,"messageKeys":{}},"BYJu1YQhp6hJV99nZrEvOH9iytJ8kLvkWo14vul6J1cT":{"chainKey":{"counter":0},"chainType":2,"messageKeys":{}},"BZNCKWAcEMvsIvOitWXXs+6SH9ymtC4dVXm2p4fPW7No":{"chainKey":{"counter":0},"chainType":2,"messageKeys":{}},"BV6CbJlPP+anQoeJLR42SoMCosjUGVGhb6hFZ9z7SzRd":{"chainKey":{"counter":1},"chainType":2,"messageKeys":{}},"BXaGCfcI99ieA7ugicH8fQdNX74s6e3eOcVR+AOmCy0I":{"chainKey":{"counter":0},"chainType":2,"messageKeys":{}},"Bb3Sd9tA2JGn0DJH5uBJWcavWzZ5eCBEU4/boTFbahMZ":{"chainKey":{"counter":0},"chainType":2,"messageKeys":{}},"BYpgEvq75xWKh9T1vQuQBhLIFx8+uvYBhOMiOAMpwIIZ":{"chainKey":{"counter":0},"chainType":2,"messageKeys":{}},"BQmBX+K57JYy1mf5J5xuw/lNkpV1JmeyMxZowppVWWc2":{"chainKey":{"counter":0},"chainType":2,"messageKeys":{}},"BVs5p/CbG4Basngtxe+OBmwsFRAtNPSf2Hlj0DzrNYUg":{"chainKey":{"counter":0},"chainType":2,"messageKeys":{}},"BcxAPqmF7+zrSJJde0EFQ8oWC5BXBOX9aUSkFVlQ53Bg":{"chainKey":{"counter":0},"chainType":2,"messageKeys":{}},"BW+PSeFsU2QTc32lc+TM2Md3O3+scGg9glSetaJW9sB7":{"chainKey":{"counter":0},"chainType":2,"messageKeys":{}},"BYHDC/w3+C+e9dQIOA2rWlkC6jcoW7AXtrSi4McXzEs+":{"chainKey":{"counter":0},"chainType":2,"messageKeys":{}},"BSZS2RgMMAufGMBlfrNSqucXfxKQEjklrM0SYBb+Nxcx":{"chainKey":{"counter":1},"chainType":2,"messageKeys":{}},"Bcgq86vzpk3GAmJvbgdNCQ+5Nm578qggoLtvJiyXh0oF":{"chainKey":{"counter":0},"chainType":2,"messageKeys":{}},"BfMWlDnBI5U/+aPWyW++efrF5EkzFFXJbM5V5qqrQW45":{"chainKey":{"counter":0},"chainType":2,"messageKeys":{}},"BXWyRqoJpNkl/AgT3BDhi80qqn3x0Fm/mHkgzXleQyBU":{"chainKey":{"counter":0},"chainType":2,"messageKeys":{}},"BVaterGW/a8zN0SiLs0LsEf/yNusAQA/D8e3ip9hZ6cv":{"chainKey":{"counter":0},"chainType":2,"messageKeys":{}},"BcKGLimM0D/cRGO+ppgLFKojm6zoPAIzFDXMbhLGLD0t":{"chainKey":{"counter":0},"chainType":2,"messageKeys":{}},"BWgEH+fMWBSHWodP3trcTxASlBt/EYKOLz2y3Xd/g59O":{"chainKey":{"counter":0},"chainType":2,"messageKeys":{}},"BbuHtQUa3ao3FAi5qJZqOKkILXmo7NTg5K44j33WFxAO":{"chainKey":{"counter":0},"chainType":2,"messageKeys":{}},"BQN7gOgyhYyuzP1fBaClRsicWcJuvMmXpCCtNZiF9Zsf":{"chainKey":{"counter":0},"chainType":2,"messageKeys":{}},"BdxPxS+awk3hC5+LSPH6l7zK+PHaYCw/ZJRgpgNVLNoZ":{"chainKey":{"counter":0},"chainType":2,"messageKeys":{}},"BaIDSz0gZDbWMV0diEnmnqBKwMXPfiIZsjMUL3Z9lNAv":{"chainKey":{"counter":0},"chainType":2,"messageKeys":{}},"BSPSIFQ+tF8HM/PkC9lwtUSffSvbfnw0hIBj7Tqdq2Fo":{"chainKey":{"counter":0},"chainType":2,"messageKeys":{}},"BbR/P+0hOSB6miwCLZZrDnZS9VYsHS4HFqYTCZrTIHtF":{"chainKey":{"counter":0},"chainType":2,"messageKeys":{}},"BXvD3cWKxDtXiRNyoeUXQI7tglZgq/oPIy20hQW/BEpQ":{"chainKey":{"counter":0},"chainType":2,"messageKeys":{}},"BQttB+7uPY9Az0QB3v1vtIMcNNHDnep7CAjiiAoprap3":{"chainKey":{"counter":0},"chainType":2,"messageKeys":{}},"Bf+WUWRxCJOAk/v73ZiSSjyrFC8qY8q5vY1HAkSbJL4X":{"chainKey":{"counter":0},"chainType":2,"messageKeys":{}},"BQbAoG9r95WagkRknPyakMI7YJ3JFvyYuu7hsvKw/IBe":{"chainKey":{"counter":0},"chainType":2,"messageKeys":{}},"BWVdR77JZZ6Omkx/3a3k+ABbHXvqY2m2ypg1VWbliu8V":{"chainKey":{"counter":0,"key":"iIy6lHjvMb11LLVq1qHlwH3taSW/zlUXMLFfF041WM8="},"chainType":2,"messageKeys":{}},"BSST95GxNVvWaMoAuZrs2qod9wcGhBas5xntMW43Rpdy":{"chainKey":{"counter":0,"key":"2todANxyc22+j8ldsWhVlE/k6JxJek2FBOaLJEKHSqw="},"chainType":1,"messageKeys":{}}}},"BRTIr0IoXh+TjPkUZELmNQrd8XLoc5eB8lRTIzs7TGIk":{"registrationId":1381315359,"currentRatchet":{"ephemeralKeyPair":{"pubKey":"BTxIK4mRfENM2zIJa0JxzYzCBSP6g/iGq1XnvfjZzEJN","privKey":"gFv+xv/JhAbZsQoJcJxZDeKf182x8x8ukwJj7XdgvFY="},"lastRemoteEphemeralKey":"Bc4u54Fx6ObEGrmdrrU7OxRgxATUjRcY7EdjsBL0exs1","previousCounter":0,"rootKey":"udbsxwYFKvo2AiOBl8facCO9uQvrGd8q3say5QxmJ2g="},"indexInfo":{"baseKey":"BRTIr0IoXh+TjPkUZELmNQrd8XLoc5eB8lRTIzs7TGIk","baseKeyType":2,"closed":1676280440427,"used":1676276663843,"created":1676276598527,"remoteIdentityKey":"BWr7r+aWUb4o6AkhIvZibKESBJxBnpqTPm7PaoIFTdMf"},"_chains":{"Ba3j5aPDoLZm5gH5UOMQZ9NClJmLzBJEmRG0YIqJV4cT":{"chainKey":{"counter":1},"chainType":2,"messageKeys":{}},"BVVekHlhNWTmqyEAY2vl2at4Qd5ZtamWB/bdUHBIRWY+":{"chainKey":{"counter":0},"chainType":2,"messageKeys":{}},"Bc4u54Fx6ObEGrmdrrU7OxRgxATUjRcY7EdjsBL0exs1":{"chainKey":{"counter":0,"key":"J3x25SRl1XavgaKcC5LJNEP6X8O1+xz6TEX0C3jOSsw="},"chainType":2,"messageKeys":{}},"BTxIK4mRfENM2zIJa0JxzYzCBSP6g/iGq1XnvfjZzEJN":{"chainKey":{"counter":-1,"key":"xHYWrgftcL0YNW2LmR7TpBvHKYz3Dr5QbwrKTvv0jW0="},"chainType":1,"messageKeys":{}}}},"BVdLtuLbuC5YWigQmoi4JMSgdodwP06TQTofk4R5MGlf":{"registrationId":1381315359,"currentRatchet":{"ephemeralKeyPair":{"pubKey":"BROeeuZJeVr/FveqzKXyHptT94eEElCaRGDIldYhTGpr","privKey":"oGYxPfQfnykgAbnABptI/FbDMATNF8qsNCIMFlNwwmE="},"lastRemoteEphemeralKey":"BTBGljnCgyEO6soCsNlafXCgPu3Z/nlpGePGi9axyjli","previousCounter":0,"rootKey":"YGFfvy+1ABYZN5a2ParMNRU5bDXDyJdvmVBpFpW8IWs="},"indexInfo":{"baseKey":"BVdLtuLbuC5YWigQmoi4JMSgdodwP06TQTofk4R5MGlf","baseKeyType":2,"closed":1676299191687,"used":1676280957617,"created":1676280440443,"remoteIdentityKey":"BWr7r+aWUb4o6AkhIvZibKESBJxBnpqTPm7PaoIFTdMf"},"_chains":{"BXfZM4ikcaQ4DvSFlAFjWa0aO62okfy18j8KVVca0Lo0":{"chainKey":{"counter":6},"chainType":2,"messageKeys":{}},"BS47JCfOKPBC/xMSv6HjssYp547ubkPcW6dbiYbdzLFo":{"chainKey":{"counter":2},"chainType":2,"messageKeys":{}},"BTBGljnCgyEO6soCsNlafXCgPu3Z/nlpGePGi9axyjli":{"chainKey":{"counter":0,"key":"a3cgl/Kxjs5QyZ3u4HxLQlGmxXWrJRJSwiLZlIZRDuI="},"chainType":2,"messageKeys":{}},"BROeeuZJeVr/FveqzKXyHptT94eEElCaRGDIldYhTGpr":{"chainKey":{"counter":-1,"key":"KM0ch907+XfD+4iapzDmB9AT/mnNzQKZ/TZZV9k31cU="},"chainType":1,"messageKeys":{}}}},"BTgKGkabkxJxYoeklPDwJxSUcgnOjEw12ASLX7ddPTYm":{"registrationId":1381315359,"currentRatchet":{"ephemeralKeyPair":{"pubKey":"BTfaowcO+o+SjeEaA6qfGHuK5ECBdLqJBOfQpKyj7iQg","privKey":"CA5sF69GmqRGMuWNXALyeOKxSQAH1d26QBCDJE97iWI="},"lastRemoteEphemeralKey":"BRfp03Go4vF2lA5wSdXP7RM6dj/IzHjAAF0Z+DixR6FP","previousCounter":0,"rootKey":"d5zQaAGCG5a3hWqWsnl35BrRbC21T6gmVtuOgCNPnSI="},"indexInfo":{"baseKey":"BTgKGkabkxJxYoeklPDwJxSUcgnOjEw12ASLX7ddPTYm","baseKeyType":2,"closed":1676299192185,"used":1676299191722,"created":1676299191722,"remoteIdentityKey":"BWr7r+aWUb4o6AkhIvZibKESBJxBnpqTPm7PaoIFTdMf"},"_chains":{"BRfp03Go4vF2lA5wSdXP7RM6dj/IzHjAAF0Z+DixR6FP":{"chainKey":{"counter":0,"key":"sRhIzYk3oaS2oWSwuGEHwpDrNNgTUzcr3hnKb+2sAK0="},"chainType":2,"messageKeys":{}},"BTfaowcO+o+SjeEaA6qfGHuK5ECBdLqJBOfQpKyj7iQg":{"chainKey":{"counter":-1,"key":"EksnwBjCNNwX0OvyR4AIPlk0H4cG11zvR9lcotQVt5c="},"chainType":1,"messageKeys":{}}}},"BaTz7eHP6FzFo7RONSy2BjIokm0g3odVnnaM1obKSmI8":{"registrationId":1381315359,"currentRatchet":{"ephemeralKeyPair":{"pubKey":"BSc56R6Tmmjcs37qjthDj7tLbLqjsjKpxuZyIeRYe5EK","privKey":"4CUObO/v9MI1a4LnQPJo4C/8qCbHA8g9at5cJqfjwEo="},"lastRemoteEphemeralKey":"Bd9kaO1yRQW9S9q34Ok6JDgGCk6URed3FAXMfdkITJFW","previousCounter":0,"rootKey":"I6+KLbHlsN5GRtvQTI/H7vvqoRXRlvjRuGpJW1WLH9U="},"indexInfo":{"baseKey":"BaTz7eHP6FzFo7RONSy2BjIokm0g3odVnnaM1obKSmI8","baseKeyType":2,"closed":1676299192698,"used":1676299192229,"created":1676299192229,"remoteIdentityKey":"BWr7r+aWUb4o6AkhIvZibKESBJxBnpqTPm7PaoIFTdMf"},"_chains":{"Bd9kaO1yRQW9S9q34Ok6JDgGCk6URed3FAXMfdkITJFW":{"chainKey":{"counter":0,"key":"WwBIrb97tJfCO4amEBeWMrC3k6NE86opRrtBc3E0LuQ="},"chainType":2,"messageKeys":{}},"BSc56R6Tmmjcs37qjthDj7tLbLqjsjKpxuZyIeRYe5EK":{"chainKey":{"counter":-1,"key":"b6WAnQH2QAo5WEfBXo0T2V3SO4DJ5wp1+Jdle17GZkg="},"chainType":1,"messageKeys":{}}}},"BW/T+Jq6jiz6T8cQrmmdx51JZIJYh4e5zxzyXP3Ncrwn":{"registrationId":1381315359,"currentRatchet":{"ephemeralKeyPair":{"pubKey":"BfOMMu9n8JcJ+JxQKtnqYK4uL7exdOb5n7+v2rh6FeZY","privKey":"cCS7GdkPtPX4BFz5G70hSQcPRGSLk3b3yHaLqoNj3Us="},"lastRemoteEphemeralKey":"BX34sVfemIRwTZH67UfZJxh33j74aWDHT1CDL1Ktg1sg","previousCounter":0,"rootKey":"4EtPx6g8wc3y/WzUnRw498UULoFN7NqCtqy/sP0DRos="},"indexInfo":{"baseKey":"BW/T+Jq6jiz6T8cQrmmdx51JZIJYh4e5zxzyXP3Ncrwn","baseKeyType":2,"closed":1676299193002,"used":1676299192739,"created":1676299192739,"remoteIdentityKey":"BWr7r+aWUb4o6AkhIvZibKESBJxBnpqTPm7PaoIFTdMf"},"_chains":{"BX34sVfemIRwTZH67UfZJxh33j74aWDHT1CDL1Ktg1sg":{"chainKey":{"counter":0,"key":"ogyqUnNLDQsgweTOPtlmqX2rD8SadWwCtzadlZ4FEKA="},"chainType":2,"messageKeys":{}},"BfOMMu9n8JcJ+JxQKtnqYK4uL7exdOb5n7+v2rh6FeZY":{"chainKey":{"counter":-1,"key":"Pai8tT47QPr47+6aVBdJ/FyD3fYnIplROqAjxJ2/gP4="},"chainType":1,"messageKeys":{}}}},"BdJWYBBNV4JBKkjHMEtQjFH5GUfnbKlMybADYcjMk9wr":{"registrationId":1381315359,"currentRatchet":{"ephemeralKeyPair":{"pubKey":"BbloiV6Nbj8p9Bj2nsv3Jx4aLKgXTIMyMLtn48H7eo8f","privKey":"OKOvUWp5AFwT1S3Rl+s4vQu3hfzotiMJMx0avmNBSE4="},"lastRemoteEphemeralKey":"BWPHzfTtUvrp+8C4ophJWIYeUXLlyE5EpBwBc+VaC7pz","previousCounter":0,"rootKey":"aQP2E/QyRoRni7BoqlO4h6J84aGEg0aJRIFxMfjNPC0="},"indexInfo":{"baseKey":"BdJWYBBNV4JBKkjHMEtQjFH5GUfnbKlMybADYcjMk9wr","baseKeyType":2,"closed":1676299193290,"used":1676299193038,"created":1676299193038,"remoteIdentityKey":"BWr7r+aWUb4o6AkhIvZibKESBJxBnpqTPm7PaoIFTdMf"},"_chains":{"BWPHzfTtUvrp+8C4ophJWIYeUXLlyE5EpBwBc+VaC7pz":{"chainKey":{"counter":0,"key":"DrNHzfOaqlKG04BMYO8Y27Soo4O4NODsSp21bEVgB3c="},"chainType":2,"messageKeys":{}},"BbloiV6Nbj8p9Bj2nsv3Jx4aLKgXTIMyMLtn48H7eo8f":{"chainKey":{"counter":-1,"key":"9EOlnDj/fSZEm3xfNpo8uXYnkyTf9iAEBVmGI6YeScg="},"chainType":1,"messageKeys":{}}}},"BSafgeeTf7SOMNqOrKHCSC6seRz8RxIni/NTeykhFtV4":{"registrationId":1381315359,"currentRatchet":{"ephemeralKeyPair":{"pubKey":"BWS2KVGrwl/zYt9GHLqO7M7oNuEhG83H8/7v6IdlpbAq","privKey":"kPmAOEa3WZxMK2hhFt48H02KdjFUh+jdWNZKwovupnA="},"lastRemoteEphemeralKey":"BVLs+nARhXhl0nJOTmF+HK5yg5QCkJmTMhOxDSt01Xk8","previousCounter":0,"rootKey":"NOerJ5DC7aNIqLzBkvRqCzHV/f19Kgyn8Xq9IC9ij+0="},"indexInfo":{"baseKey":"BSafgeeTf7SOMNqOrKHCSC6seRz8RxIni/NTeykhFtV4","baseKeyType":2,"closed":1676299194647,"used":1676299193342,"created":1676299193342,"remoteIdentityKey":"BWr7r+aWUb4o6AkhIvZibKESBJxBnpqTPm7PaoIFTdMf"},"_chains":{"BVLs+nARhXhl0nJOTmF+HK5yg5QCkJmTMhOxDSt01Xk8":{"chainKey":{"counter":0,"key":"vZ00R94XNhQF9Mp+lcMEA7ZwmSrlgyv+r4u9V7DpWw0="},"chainType":2,"messageKeys":{}},"BWS2KVGrwl/zYt9GHLqO7M7oNuEhG83H8/7v6IdlpbAq":{"chainKey":{"counter":-1,"key":"GDbbUmWnal8i9HA2YfXbeC6yTH5tQaf8DlD4uI77YL0="},"chainType":1,"messageKeys":{}}}},"BZ6yvB8WoWQaRt+oGgSeDPCza8yfvlzvOvsdhwlmuk9H":{"registrationId":1381315359,"currentRatchet":{"ephemeralKeyPair":{"pubKey":"Ba57mmq8cTbUC0hVykMQPTupUeD6yfXpLRk6/JpD5MB8","privKey":"sGpdpWv157LJU3kONKrjvEFGS8xn3ZcGJQRCWELTUkQ="},"lastRemoteEphemeralKey":"BU6eR1UfLxBkQj0AYoiL64L6lQ2ErdZNhjFjmccTTRJt","previousCounter":0,"rootKey":"qJkajzUfnJGo95PZa5Ex5j2i4VdcWTcPI6LKdLXLRMQ="},"indexInfo":{"baseKey":"BZ6yvB8WoWQaRt+oGgSeDPCza8yfvlzvOvsdhwlmuk9H","baseKeyType":2,"closed":1676315363545,"used":1676299194675,"created":1676299194675,"remoteIdentityKey":"BWr7r+aWUb4o6AkhIvZibKESBJxBnpqTPm7PaoIFTdMf"},"_chains":{"BU6eR1UfLxBkQj0AYoiL64L6lQ2ErdZNhjFjmccTTRJt":{"chainKey":{"counter":3,"key":"vzUX/X5MOo5arlotdwvSiaNRdADuaffx5l/Fy+yQ5Vg="},"chainType":2,"messageKeys":{}},"Ba57mmq8cTbUC0hVykMQPTupUeD6yfXpLRk6/JpD5MB8":{"chainKey":{"counter":-1,"key":"ATkC4CvoEw7Mr3c602uTG5lo8jAus93y5upqFnjW1Zg="},"chainType":1,"messageKeys":{}}}},"Bc9SNawJhtfyEQ+MDoBtgDw4g87prgoMzt9LpAtQ8m57":{"registrationId":1381315359,"currentRatchet":{"ephemeralKeyPair":{"pubKey":"BayDMbueBOhTTC1pzkfOvTTIY9g5u3L520ZjjK3PbUEt","privKey":"oE4FlG+eL5UBYRibsT/9rb62xkAazfbSdOi+UuftTl4="},"lastRemoteEphemeralKey":"BfSq3jjthmLp8A6EkSABKaq3mIMXIKdr6YMHVoVbZBQ0","previousCounter":0,"rootKey":"m1JmBdW8O7mVnTtkDEQvZ1ndXijzyxZiC+fAjezDFKw="},"indexInfo":{"baseKey":"Bc9SNawJhtfyEQ+MDoBtgDw4g87prgoMzt9LpAtQ8m57","baseKeyType":2,"closed":1676316259333,"used":1676315524296,"created":1676315363583,"remoteIdentityKey":"BWr7r+aWUb4o6AkhIvZibKESBJxBnpqTPm7PaoIFTdMf"},"_chains":{"BR/sg2m/uA1Qrd2gvsHjr+yXo4vgaYzKQeumYRNWIbcF":{"chainKey":{"counter":2},"chainType":2,"messageKeys":{}},"BXdm6CzOitmG2rr88c0u2S0EZ36nd21OAvv9zOqP6SgO":{"chainKey":{"counter":0},"chainType":2,"messageKeys":{}},"Be077eUi7VwUSVYxjFPtKgD5Jqn/NEsAwaADMAjSnAlB":{"chainKey":{"counter":0},"chainType":2,"messageKeys":{}},"BfSq3jjthmLp8A6EkSABKaq3mIMXIKdr6YMHVoVbZBQ0":{"chainKey":{"counter":0,"key":"z+zY7OtiNsFibryPTHg4RivCq5q0rT8hIvQ7ExV9P84="},"chainType":2,"messageKeys":{}},"BayDMbueBOhTTC1pzkfOvTTIY9g5u3L520ZjjK3PbUEt":{"chainKey":{"counter":0,"key":"FASj5UzO4B8cC9aAVjImx+EjikxI5Dbvjk80PWDyfaI="},"chainType":1,"messageKeys":{}}}},"Bd5vlL0ZDyiT3Bvh5k5noEL+xwIz1zL66xPLCEq69VwS":{"registrationId":1381315359,"currentRatchet":{"ephemeralKeyPair":{"pubKey":"BfEBeys1F5pwUP6IBVCi9KEOIv7LRe0fCA9xxaq3PNZS","privKey":"SLjmUqFvt+TguidSGcqAKdP8G4mJpwNZHw1JXIhkqWo="},"lastRemoteEphemeralKey":"Bayf2R7HFoIdI41xEK66u8Wm332P8b5scAwAAYCoMqUQ","previousCounter":0,"rootKey":"tNoO7gPuosO8/ipahR64cI9hpZgjnmlKQihIt3m6k8k="},"indexInfo":{"baseKey":"Bd5vlL0ZDyiT3Bvh5k5noEL+xwIz1zL66xPLCEq69VwS","baseKeyType":2,"closed":1676316991085,"used":1676316259344,"created":1676316259344,"remoteIdentityKey":"BWr7r+aWUb4o6AkhIvZibKESBJxBnpqTPm7PaoIFTdMf"},"_chains":{"Bayf2R7HFoIdI41xEK66u8Wm332P8b5scAwAAYCoMqUQ":{"chainKey":{"counter":1,"key":"nuke3M2tjOeTwIJ+9o5VZqIejsAU4m5dFjbsmxhkao0="},"chainType":2,"messageKeys":{}},"BfEBeys1F5pwUP6IBVCi9KEOIv7LRe0fCA9xxaq3PNZS":{"chainKey":{"counter":-1,"key":"NLyti7OnJXi7sHFGhtu3RLvrVqFhdylxl58QKHO027U="},"chainType":1,"messageKeys":{}}}},"BXjy+7YMHkiI3S4gf5RwPaMTL8aoYOUYelvlMCWeF8Vm":{"registrationId":1381315359,"currentRatchet":{"ephemeralKeyPair":{"pubKey":"BQ//FpiGkSjO0fXWkc1S638c2t+iHfBMsY+GIlRP/8MK","privKey":"UL3vgKNBSmlikf5G65LTJA/m2G73uG1fjYgIBwWE7WA="},"lastRemoteEphemeralKey":"Bebn30OwgNWazs1CPOnmv1BWkTx2iFxTsLTuArDQUQwQ","previousCounter":0,"rootKey":"nI7xwtHX6Pa2jdtkUz5A7YGAGD+8J7+EirwHgVna+uA="},"indexInfo":{"baseKey":"BXjy+7YMHkiI3S4gf5RwPaMTL8aoYOUYelvlMCWeF8Vm","baseKeyType":2,"closed":1676319716777,"used":1676316991131,"created":1676316991131,"remoteIdentityKey":"BWr7r+aWUb4o6AkhIvZibKESBJxBnpqTPm7PaoIFTdMf"},"_chains":{"Bebn30OwgNWazs1CPOnmv1BWkTx2iFxTsLTuArDQUQwQ":{"chainKey":{"counter":7,"key":"HqGfD7hdoGKz7B33zt5mroM/LbQivYA4/AMXQrn8cyQ="},"chainType":2,"messageKeys":{}},"BQ//FpiGkSjO0fXWkc1S638c2t+iHfBMsY+GIlRP/8MK":{"chainKey":{"counter":-1,"key":"zjfjpj+WHebSydPE9D2V2gWVowoCp9zrZj1CzxJlw90="},"chainType":1,"messageKeys":{}}}},"Bcx4ZjIiHPo61jEqw2L3ToyLqgZnNKiCnLSDGTUiXB0Q":{"registrationId":1381315359,"currentRatchet":{"ephemeralKeyPair":{"pubKey":"Bf3EGBfCNUQelp4/A8wJbl+USHbC1bUMvceDU9G8DbhP","privKey":"MPaebqXuVGWx/vCDvsycfiJFmGh5dy2O6tonk2vyb1c="},"lastRemoteEphemeralKey":"BaOj1WlPRwyCqzwLTDj+cZ22dFdEkHp4Oo5Fprb2wxFe","previousCounter":0,"rootKey":"+H6Ysdx2TU5lGf5F5K93adDKgkmCmhvetZlHct94Hds="},"indexInfo":{"baseKey":"Bcx4ZjIiHPo61jEqw2L3ToyLqgZnNKiCnLSDGTUiXB0Q","baseKeyType":2,"closed":1676320489540,"used":1676319716790,"created":1676319716790,"remoteIdentityKey":"BWr7r+aWUb4o6AkhIvZibKESBJxBnpqTPm7PaoIFTdMf"},"_chains":{"BaOj1WlPRwyCqzwLTDj+cZ22dFdEkHp4Oo5Fprb2wxFe":{"chainKey":{"counter":1,"key":"nVU+rfLfeUq7BI+k0268CFJ4U1LuHhl2wyn5b4wM32s="},"chainType":2,"messageKeys":{}},"Bf3EGBfCNUQelp4/A8wJbl+USHbC1bUMvceDU9G8DbhP":{"chainKey":{"counter":-1,"key":"84U5g1UmVFWQvXha/UYAG8g0AhD6nUY4G0ItE85EDSw="},"chainType":1,"messageKeys":{}}}},"BSa5ldkTcfX3b/PhcriMQyGj11AadJVXpBBqSITJNoEc":{"registrationId":1381315359,"currentRatchet":{"ephemeralKeyPair":{"pubKey":"BfazjDaeW9oYmw0OUp/pvRJBTliwM27qViOhihup7TtU","privKey":"sJDtMYD/OGNdbTDdomlo1utbNreFmRRj9ExCSQHmm1A="},"lastRemoteEphemeralKey":"BRrD0pOsv1OJjXeysq1r070+SvcoBMAl8LZAawr0P105","previousCounter":0,"rootKey":"XM5W+2/9UQJmk8AejjSOOdAGtE0sx6bzAgU5fCuHqYQ="},"indexInfo":{"baseKey":"BSa5ldkTcfX3b/PhcriMQyGj11AadJVXpBBqSITJNoEc","baseKeyType":2,"closed":1676320490338,"used":1676320489568,"created":1676320489568,"remoteIdentityKey":"BWr7r+aWUb4o6AkhIvZibKESBJxBnpqTPm7PaoIFTdMf"},"_chains":{"BRrD0pOsv1OJjXeysq1r070+SvcoBMAl8LZAawr0P105":{"chainKey":{"counter":0,"key":"cYT5yuHd6iVXxuxg09KmhsrkzgzZfLAqm/Cn42vQnlg="},"chainType":2,"messageKeys":{}},"BfazjDaeW9oYmw0OUp/pvRJBTliwM27qViOhihup7TtU":{"chainKey":{"counter":-1,"key":"RRg585VMelBcB43Vx7q2L1YeNOv7rJqUaDh9vVZzx5k="},"chainType":1,"messageKeys":{}}}},"BXdV9fRRKDxh145sHLIBNAKAL35Z05lNX/3SBdkau28i":{"registrationId":1381315359,"currentRatchet":{"ephemeralKeyPair":{"pubKey":"BbtwcOlfrlIQYGbAFECV+GbPjmEOuhyupUmxtO89TUlq","privKey":"eGvQwthv8fJ3kClywJ16FPzSVXT9bytmEyVkSU0L82I="},"lastRemoteEphemeralKey":"BXpsUPQlO34OtUaYMClcA9P2GCsNrB503DC1T7qFjeZz","previousCounter":0,"rootKey":"X4RJLeF0jCckkujTrew5bo+2jQlFwFxapefWGzorQHs="},"indexInfo":{"baseKey":"BXdV9fRRKDxh145sHLIBNAKAL35Z05lNX/3SBdkau28i","baseKeyType":2,"closed":1676320491047,"used":1676320490346,"created":1676320490346,"remoteIdentityKey":"BWr7r+aWUb4o6AkhIvZibKESBJxBnpqTPm7PaoIFTdMf"},"_chains":{"BXpsUPQlO34OtUaYMClcA9P2GCsNrB503DC1T7qFjeZz":{"chainKey":{"counter":0,"key":"G31BZs4KuBgH5EzpoUdBFyVN1f9gIdl5gLUgnR5kYaw="},"chainType":2,"messageKeys":{}},"BbtwcOlfrlIQYGbAFECV+GbPjmEOuhyupUmxtO89TUlq":{"chainKey":{"counter":-1,"key":"vZRSxRiqXLJ5Oo70HWJf7q8qTbg923cYw/vuBkQQBng="},"chainType":1,"messageKeys":{}}}},"BcDwQi7uGP4OtGhnZSeBxbOFVgy9M140j8UZnRWYokx3":{"registrationId":1381315359,"currentRatchet":{"ephemeralKeyPair":{"pubKey":"Bbtv4QT9sQcAkUR3dYsHbCHW+gYn/WFMZ1Y43gx5dT1V","privKey":"sH9YkAGQimL8bCwUj6db5Dv9HOId2Eich8CK/626/mc="},"lastRemoteEphemeralKey":"Bdfa23ZoUPTRLy1hNRVTsTpNNwcn4bwlR8mVsNycBp9c","previousCounter":0,"rootKey":"1GI4eHuO3MH78/BZxibjgul012nXcdcpvjdMVd7Dud8="},"indexInfo":{"baseKey":"BcDwQi7uGP4OtGhnZSeBxbOFVgy9M140j8UZnRWYokx3","baseKeyType":2,"closed":1676320491332,"used":1676320491086,"created":1676320491086,"remoteIdentityKey":"BWr7r+aWUb4o6AkhIvZibKESBJxBnpqTPm7PaoIFTdMf"},"_chains":{"Bdfa23ZoUPTRLy1hNRVTsTpNNwcn4bwlR8mVsNycBp9c":{"chainKey":{"counter":0,"key":"HjAiV0LykRE8D/m5FNkTPM32PE+lIWlOTL0wQccZOc0="},"chainType":2,"messageKeys":{}},"Bbtv4QT9sQcAkUR3dYsHbCHW+gYn/WFMZ1Y43gx5dT1V":{"chainKey":{"counter":-1,"key":"8qhMhRR3o79irYTJ8Tjq3FhOLED7/aPKd/vEeh0G/r0="},"chainType":1,"messageKeys":{}}}},"BQfpiL2rdKHsuSb5EpdLNQfTg9UUkLMDNzji3/2B+c4G":{"registrationId":1381315359,"currentRatchet":{"ephemeralKeyPair":{"pubKey":"BURJSle+696AvjSW9rEhCjV0hVeXs99JdjqWDPHui+0z","privKey":"KHEHoxs3DVv7+1S2J6hNbDpNmmTYyGkwN6vKIBOVHnY="},"lastRemoteEphemeralKey":"BQXW+QolFQGv0Q/Qcwb90e8Hs2L6GKXo6Tyq9KfEYMlF","previousCounter":0,"rootKey":"Duy1uTNoxYhMz32W+cKRFGkEsB0SIbp/Epy900FdrKM="},"indexInfo":{"baseKey":"BQfpiL2rdKHsuSb5EpdLNQfTg9UUkLMDNzji3/2B+c4G","baseKeyType":2,"closed":1676321372051,"used":1676320491365,"created":1676320491365,"remoteIdentityKey":"BWr7r+aWUb4o6AkhIvZibKESBJxBnpqTPm7PaoIFTdMf"},"_chains":{"BQXW+QolFQGv0Q/Qcwb90e8Hs2L6GKXo6Tyq9KfEYMlF":{"chainKey":{"counter":0,"key":"oB8Q7F2+ZdG8RPJV2k/YgWuB9agWTC0u+59wP6iUDYY="},"chainType":2,"messageKeys":{}},"BURJSle+696AvjSW9rEhCjV0hVeXs99JdjqWDPHui+0z":{"chainKey":{"counter":3,"key":"8kGNhS6xs4NysdQbVgSHW+3Xy5lM775v8P4A+hLf46E="},"chainType":1,"messageKeys":{}}}},"BQhaA7kiIkxLs1HqgPGjhlAyOcnW6US/ngd+sQlYuf4a":{"registrationId":1381315359,"currentRatchet":{"ephemeralKeyPair":{"pubKey":"Batb6GML231+2odPfyEcUSLkE4KFoZIn4dBIEV9qkHIr","privKey":"mATa2xrkyoWxcfyLBV65tgd4KoOms8VnW4GDVtv2JXs="},"lastRemoteEphemeralKey":"BWmhbXSvxMcoTHKT4ICrWX30+imMTsCg4UjHOPCeP3cX","previousCounter":0,"rootKey":"2lZPdAV0KSMLFH51AYZTq+InMIqy5WE2glUGg0ZLI2c="},"indexInfo":{"baseKey":"BQhaA7kiIkxLs1HqgPGjhlAyOcnW6US/ngd+sQlYuf4a","baseKeyType":2,"closed":1676322729144,"used":1676322613758,"created":1676321372080,"remoteIdentityKey":"BWr7r+aWUb4o6AkhIvZibKESBJxBnpqTPm7PaoIFTdMf"},"_chains":{"BSx0tDyrIPAuvlR00oEVJhN4nIeNfSoznXBGpvCK3aBd":{"chainKey":{"counter":13},"chainType":2,"messageKeys":{}},"BZ2a4tUsuealE2hONb3NL4NGpki5wgKa56Y2K+dyX6Au":{"chainKey":{"counter":0},"chainType":2,"messageKeys":{}},"BfW4Jnyumo2P8vWTBf3FkEiCBkvHgI2rvQhspye+Aw8W":{"chainKey":{"counter":0},"chainType":2,"messageKeys":{}},"BWmhbXSvxMcoTHKT4ICrWX30+imMTsCg4UjHOPCeP3cX":{"chainKey":{"counter":1,"key":"Mz3dYda1ID2QKPADzQlfnZf0yaOInnOJ36QrtvAvp6Y="},"chainType":2,"messageKeys":{}},"Batb6GML231+2odPfyEcUSLkE4KFoZIn4dBIEV9qkHIr":{"chainKey":{"counter":0,"key":"rQNMfj9UYlvvjd3jzJBQFwV7A5Lt46WWJeRrlL+2LIo="},"chainType":1,"messageKeys":{}}}},"BXjs5YFPdT5rDJ1aqQ1BbKAKPTGzXEWQRKY1BrsXacNS":{"registrationId":1381315359,"currentRatchet":{"ephemeralKeyPair":{"pubKey":"BbkblUeCQRsGHeRl5B16Wl6sBb7xE5iLIKiGayqna2QC","privKey":"OGJwcuXaOD1iFW464Tenv2xhC3dodZTmpKFXT+BCjEE="},"lastRemoteEphemeralKey":"BVu3Rmc7Zn5Zs3PTta6MvrJJgNd3ejs83K9CYNMDk+pQ","previousCounter":0,"rootKey":"H1MIhXlPRM9yFtwP00EGYCOfrXnkAcZ2lnHpSkXSmc4="},"indexInfo":{"baseKey":"BXjs5YFPdT5rDJ1aqQ1BbKAKPTGzXEWQRKY1BrsXacNS","baseKeyType":2,"closed":1676387106743,"used":1676322729193,"created":1676322729193,"remoteIdentityKey":"BWr7r+aWUb4o6AkhIvZibKESBJxBnpqTPm7PaoIFTdMf"},"_chains":{"BVu3Rmc7Zn5Zs3PTta6MvrJJgNd3ejs83K9CYNMDk+pQ":{"chainKey":{"counter":0,"key":"fkMOG1H35yjwPHG8xrp46zpeeNTHl1q3Fdir/9a0ER8="},"chainType":2,"messageKeys":{}},"BbkblUeCQRsGHeRl5B16Wl6sBb7xE5iLIKiGayqna2QC":{"chainKey":{"counter":-1,"key":"gW3nko8z3D5Ed035ALoeHOi3FRuC5JhPs8CYkuWfipk="},"chainType":1,"messageKeys":{}}}},"BScdi/STv5vpHWQKV7FBXsmvzbZpre3aT6UZ/hMIKldU":{"registrationId":1381315359,"currentRatchet":{"ephemeralKeyPair":{"pubKey":"BRb3oFSUHqHAPZVu2LIY0beH2emDRCeOHgzOvjRULNQi","privKey":"OF6nibqRpA5rPb6x6+zCLQCsELVHqpgVXN4H2iCJ+WE="},"lastRemoteEphemeralKey":"BQ5zBY7hfPPYAFTFwJ/SIu1S1sd4/Ei7VMyobnllhRci","previousCounter":0,"rootKey":"ukYZop41WeW0QLuIm0w+nn09EpZuK0f33Bmuw8yDF4E="},"indexInfo":{"baseKey":"BScdi/STv5vpHWQKV7FBXsmvzbZpre3aT6UZ/hMIKldU","baseKeyType":2,"closed":1676433513262,"used":1676388160008,"created":1676387106776,"remoteIdentityKey":"BWr7r+aWUb4o6AkhIvZibKESBJxBnpqTPm7PaoIFTdMf"},"_chains":{"BcN8q/jrnzgEKud3OwcWXaZOLLdDuwYPeAMMN43UY5xQ":{"chainKey":{"counter":1},"chainType":2,"messageKeys":{}},"BfLvrOu9ycAnA8fqzY1kqJi2sBe4S/+OI3/LO975IxwY":{"chainKey":{"counter":4},"chainType":2,"messageKeys":{"0":"rc336nUuYLZMTWeIQK0PjT8tLiqHcFyz1bcdNI458xA="}},"BQ5zBY7hfPPYAFTFwJ/SIu1S1sd4/Ei7VMyobnllhRci":{"chainKey":{"counter":1,"key":"nUhu4UrsTXWLsLQeWG5gmbkB8dGMf6KjrhcGeHJgC/4="},"chainType":2,"messageKeys":{}},"BRb3oFSUHqHAPZVu2LIY0beH2emDRCeOHgzOvjRULNQi":{"chainKey":{"counter":0,"key":"UKd1mDYhz03bVKb9dHbH9eZmj+HnNBDLQ3oF/VjeZNE="},"chainType":1,"messageKeys":{}}}},"BcfBq2JIt/sIGL/Pr3hYV/aDt7PqsUzPcv5T+k7Dh4YD":{"registrationId":1381315359,"currentRatchet":{"ephemeralKeyPair":{"pubKey":"Ba2naBJMApwEMAfttnO+CfGYIkazL6H4ghBqhLE/jZo6","privKey":"GPnDZUegQ7rSN0/TVqo7KSE8939vSg5szwZmkdBV8Ec="},"lastRemoteEphemeralKey":"BdjDRIX/ov+xHK1H+GNd1aHz0EaUjc0oeTPdNDqtdkR9","previousCounter":0,"rootKey":"Vk0jQzMce4NVnm7p85tiqtLgWpbfG5JdRcL7HLt8/Pk="},"indexInfo":{"baseKey":"BcfBq2JIt/sIGL/Pr3hYV/aDt7PqsUzPcv5T+k7Dh4YD","baseKeyType":2,"closed":-1,"used":1676433513313,"created":1676433513313,"remoteIdentityKey":"BWr7r+aWUb4o6AkhIvZibKESBJxBnpqTPm7PaoIFTdMf"},"_chains":{"BdjDRIX/ov+xHK1H+GNd1aHz0EaUjc0oeTPdNDqtdkR9":{"chainKey":{"counter":0,"key":"VGBccbt0JUPnkuhYORUiXDG7fPBLhlpZE0xNuvxNTa0="},"chainType":2,"messageKeys":{}},"Ba2naBJMApwEMAfttnO+CfGYIkazL6H4ghBqhLE/jZo6":{"chainKey":{"counter":0,"key":"NZc3JncSNYppptT8CNmHeXLGzv+6gzl3Yggq9DgTOp0="},"chainType":1,"messageKeys":{}}}}},"version":"v1"}