{"_sessions":{"BQF+QgE7h7I9JA/2Wj57+0ulQsda3sDkqhBMiYB8ddBF":{"registrationId":106,"currentRatchet":{"ephemeralKeyPair":{"pubKey":"BRK4AOZwodw1Yg2DvpUYavADc6NnzwVW3Y1szgbC31Ra","privKey":"YFrr/OOXYEohzlZbjulD0hQCCndVgXDaknk5avs9bXY="},"lastRemoteEphemeralKey":"BWvVNvigOhdeEFCZD6izNRvDzq1JC/Hhu6wh+y++ZKBM","previousCounter":0,"rootKey":"G2q1QEUNk05dlY6Hd1wkYdZq751EN1XtPVgRw+Xooz8="},"indexInfo":{"baseKey":"BQF+QgE7h7I9JA/2Wj57+0ulQsda3sDkqhBMiYB8ddBF","baseKeyType":1,"closed":-1,"used":1676315472870,"created":1676315472870,"remoteIdentityKey":"BfJZO+BATgpKKqaigXXwOce+NMQCKeQrIgBKPg41aH0N"},"_chains":{"BRK4AOZwodw1Yg2DvpUYavADc6NnzwVW3Y1szgbC31Ra":{"chainKey":{"counter":3,"key":"Ggnxa8tP9legMouJ8F6srmomX/VhxYpFvAMfr5bSVC4="},"chainType":1,"messageKeys":{}}},"pendingPreKey":{"signedKeyId":1,"baseKey":"BQF+QgE7h7I9JA/2Wj57+0ulQsda3sDkqhBMiYB8ddBF","preKeyId":4}}},"version":"v1"}