{"_sessions":{"BQF+QgE7h7I9JA/2Wj57+0ulQsda3sDkqhBMiYB8ddBF":{"registrationId":106,"currentRatchet":{"ephemeralKeyPair":{"pubKey":"BRK4AOZwodw1Yg2DvpUYavADc6NnzwVW3Y1szgbC31Ra","privKey":"YFrr/OOXYEohzlZbjulD0hQCCndVgXDaknk5avs9bXY="},"lastRemoteEphemeralKey":"BWvVNvigOhdeEFCZD6izNRvDzq1JC/Hhu6wh+y++ZKBM","previousCounter":0,"rootKey":"G2q1QEUNk05dlY6Hd1wkYdZq751EN1XtPVgRw+Xooz8="},"indexInfo":{"baseKey":"BQF+QgE7h7I9JA/2Wj57+0ulQsda3sDkqhBMiYB8ddBF","baseKeyType":1,"closed":1676320485785,"used":1676315472870,"created":1676315472870,"remoteIdentityKey":"BfJZO+BATgpKKqaigXXwOce+NMQCKeQrIgBKPg41aH0N"},"_chains":{"BRK4AOZwodw1Yg2DvpUYavADc6NnzwVW3Y1szgbC31Ra":{"chainKey":{"counter":3,"key":"Ggnxa8tP9legMouJ8F6srmomX/VhxYpFvAMfr5bSVC4="},"chainType":1,"messageKeys":{}}},"pendingPreKey":{"signedKeyId":1,"baseKey":"BQF+QgE7h7I9JA/2Wj57+0ulQsda3sDkqhBMiYB8ddBF","preKeyId":4}},"Bd9TnWM4bgUhcxr751W+lvanOIq6esBjYwUV160Owkpa":{"registrationId":106,"currentRatchet":{"ephemeralKeyPair":{"pubKey":"BYKmxzNQKH6NIwdTtc+NZzXCKPV4P2gGRVKssj5JH392","privKey":"CJKWPExDdD9/j+avd3+vutr+ASFps6jB9h8m3FWgelQ="},"lastRemoteEphemeralKey":"BWvVNvigOhdeEFCZD6izNRvDzq1JC/Hhu6wh+y++ZKBM","previousCounter":0,"rootKey":"Z5r5ca+SOG3Op6W8Nz7i9J6A1viCir8ZXAUWnMzh/Iw="},"indexInfo":{"baseKey":"Bd9TnWM4bgUhcxr751W+lvanOIq6esBjYwUV160Owkpa","baseKeyType":1,"closed":1676320486278,"used":1676320485764,"created":1676320485764,"remoteIdentityKey":"BfJZO+BATgpKKqaigXXwOce+NMQCKeQrIgBKPg41aH0N"},"_chains":{"BYKmxzNQKH6NIwdTtc+NZzXCKPV4P2gGRVKssj5JH392":{"chainKey":{"counter":-1,"key":"Ef4Kenva8HJaa8P9k3bWbLOLWxob4Qtco6quap0nXnk="},"chainType":1,"messageKeys":{}}},"pendingPreKey":{"signedKeyId":1,"baseKey":"Bd9TnWM4bgUhcxr751W+lvanOIq6esBjYwUV160Owkpa","preKeyId":6}},"BUK9Ld/4YhQHLul7VSZMMcPMElEgzwrZlx/hOAX6MWZf":{"registrationId":106,"currentRatchet":{"ephemeralKeyPair":{"pubKey":"BbT/9XWlsiA/i143nQo1Dqk4cOsEWiEs77gJS5BEY+1c","privKey":"AN3mZrrLrZ96bDxdOcUpBbPccL1wdkyvl5Ly2eMccXA="},"lastRemoteEphemeralKey":"BWvVNvigOhdeEFCZD6izNRvDzq1JC/Hhu6wh+y++ZKBM","previousCounter":0,"rootKey":"x0pXpeTBYgsCFRUyCwzLhRsCbZBUuRq36EPu0IDSMIE="},"indexInfo":{"baseKey":"BUK9Ld/4YhQHLul7VSZMMcPMElEgzwrZlx/hOAX6MWZf","baseKeyType":1,"closed":1676320486707,"used":1676320486263,"created":1676320486263,"remoteIdentityKey":"BfJZO+BATgpKKqaigXXwOce+NMQCKeQrIgBKPg41aH0N"},"_chains":{"BbT/9XWlsiA/i143nQo1Dqk4cOsEWiEs77gJS5BEY+1c":{"chainKey":{"counter":-1,"key":"o0Pd1baFhp93mbpcVqPx+IKQK9a2DFILNOzZny8PLqM="},"chainType":1,"messageKeys":{}}},"pendingPreKey":{"signedKeyId":1,"baseKey":"BUK9Ld/4YhQHLul7VSZMMcPMElEgzwrZlx/hOAX6MWZf","preKeyId":2}},"BYf49qC3G+yRBCZ53gTsLx/FaYWsKT3S4KREyy0i8VV6":{"registrationId":106,"currentRatchet":{"ephemeralKeyPair":{"pubKey":"BTtB0btT1unL0WhrmjWTyu4ngdj0LOVqe7ZkMEOvznoU","privKey":"UMqoegOmclo3pJ+lWCCo8FTtI3XxkkeZd7MaqI0zHl8="},"lastRemoteEphemeralKey":"BWvVNvigOhdeEFCZD6izNRvDzq1JC/Hhu6wh+y++ZKBM","previousCounter":0,"rootKey":"gl1SBOUyGXKmJdsAwapnJd35FF/ZHiILGU5NlLJ8L7c="},"indexInfo":{"baseKey":"BYf49qC3G+yRBCZ53gTsLx/FaYWsKT3S4KREyy0i8VV6","baseKeyType":1,"closed":1676322397287,"used":1676320486696,"created":1676320486696,"remoteIdentityKey":"BfJZO+BATgpKKqaigXXwOce+NMQCKeQrIgBKPg41aH0N"},"_chains":{"BTtB0btT1unL0WhrmjWTyu4ngdj0LOVqe7ZkMEOvznoU":{"chainKey":{"counter":3,"key":"SySMvfEWIY6F+1aR73ax6InYLNRWEbToMF6tpa3pxCo="},"chainType":1,"messageKeys":{}}},"pendingPreKey":{"signedKeyId":1,"baseKey":"BYf49qC3G+yRBCZ53gTsLx/FaYWsKT3S4KREyy0i8VV6","preKeyId":29}},"BZXkhEdh8D7k+iKllp0E/ALdtPgh4YChEpAzczz6d/V7":{"registrationId":106,"currentRatchet":{"ephemeralKeyPair":{"pubKey":"BYpQIi0doREe0KoRRyWGTdyxvu4ArfWAg1aUrEoR031/","privKey":"kHdIfylLuQMR7RfAwpY17IfmJapdeierlFjC7j2Zs2A="},"lastRemoteEphemeralKey":"BSJ45mIIS5ZG8Nlgsc6N89UBInCUa+G0MSXz9nFKfhZ/","previousCounter":0,"rootKey":"QYWQWJqRgyn3FWkx9WlZ//ZaZV+vDhuUrtjgkpWh2GA="},"indexInfo":{"baseKey":"BZXkhEdh8D7k+iKllp0E/ALdtPgh4YChEpAzczz6d/V7","baseKeyType":2,"closed":1676387069845,"used":1676322397299,"created":1676322397299,"remoteIdentityKey":"BfJZO+BATgpKKqaigXXwOce+NMQCKeQrIgBKPg41aH0N"},"_chains":{"BSJ45mIIS5ZG8Nlgsc6N89UBInCUa+G0MSXz9nFKfhZ/":{"chainKey":{"counter":4,"key":"B2wADPyZt+RLxzKgbJ84k0W0V7VCM5hHgPoYsl4nhSY="},"chainType":2,"messageKeys":{"0":"ajURiMDKj2/GpGg+Qp76EHEi+I7oFcdko5UIcGG3oOQ="}},"BYpQIi0doREe0KoRRyWGTdyxvu4ArfWAg1aUrEoR031/":{"chainKey":{"counter":4,"key":"U7cJ+AObx9Mqqtke4EuHQCnZJsC4t6Hnv26nucLyWdI="},"chainType":1,"messageKeys":{}}}},"BS/RBfS7T3gjlr0A/Qvb6Juplk2o+cS8cJjb+gLEsw86":{"registrationId":106,"currentRatchet":{"ephemeralKeyPair":{"pubKey":"Bedtv0Chqp9lr4eVYq+/98FJmEeq5gWoEJQL+vdHRRY7","privKey":"qHukx+OpsaMX9AWY+teHfrKKoAfwI8CKuUWn7giuQVg="},"lastRemoteEphemeralKey":"BWvVNvigOhdeEFCZD6izNRvDzq1JC/Hhu6wh+y++ZKBM","previousCounter":0,"rootKey":"QVwqOXew6/+PBn4Ks8FlJaHea1R1Bf10HS1NUNM637E="},"indexInfo":{"baseKey":"BS/RBfS7T3gjlr0A/Qvb6Juplk2o+cS8cJjb+gLEsw86","baseKeyType":1,"closed":1676387070275,"used":1676387069812,"created":1676387069812,"remoteIdentityKey":"BfJZO+BATgpKKqaigXXwOce+NMQCKeQrIgBKPg41aH0N"},"_chains":{"Bedtv0Chqp9lr4eVYq+/98FJmEeq5gWoEJQL+vdHRRY7":{"chainKey":{"counter":-1,"key":"PNL6C4UK9G7bJPxi/ZyAhmmEhhq956Uw8ux6NJVKdlE="},"chainType":1,"messageKeys":{}}},"pendingPreKey":{"signedKeyId":1,"baseKey":"BS/RBfS7T3gjlr0A/Qvb6Juplk2o+cS8cJjb+gLEsw86","preKeyId":9}},"BaA7sqUVGwA2jyGufbclvQ9jlPELZrd0i2JbfBtCDuU5":{"registrationId":106,"currentRatchet":{"ephemeralKeyPair":{"pubKey":"BXyfp8pL7nleeHDj4kFeW6PArCB1Fy3pxNnav5DxOzsQ","privKey":"oM/y+HvYnjRTJUTL3S2GE6c6gVFyHtdennzSE558vU0="},"lastRemoteEphemeralKey":"BWvVNvigOhdeEFCZD6izNRvDzq1JC/Hhu6wh+y++ZKBM","previousCounter":0,"rootKey":"4lHtLFmdunXVxTuNF5h7sJ44bKM6RFbLYR3DGWSRmLU="},"indexInfo":{"baseKey":"BaA7sqUVGwA2jyGufbclvQ9jlPELZrd0i2JbfBtCDuU5","baseKeyType":1,"closed":1676387070724,"used":1676387070247,"created":1676387070247,"remoteIdentityKey":"BfJZO+BATgpKKqaigXXwOce+NMQCKeQrIgBKPg41aH0N"},"_chains":{"BXyfp8pL7nleeHDj4kFeW6PArCB1Fy3pxNnav5DxOzsQ":{"chainKey":{"counter":-1,"key":"08AwlIZgbtqAVEN4eHOmJfpGPJxYlRXHZbmhcceKUpg="},"chainType":1,"messageKeys":{}}},"pendingPreKey":{"signedKeyId":1,"baseKey":"BaA7sqUVGwA2jyGufbclvQ9jlPELZrd0i2JbfBtCDuU5","preKeyId":8}},"Bf0DJElmRdLrIJcR1siiqdrxvjKjalK3bP+w4rbzHrRd":{"registrationId":106,"currentRatchet":{"ephemeralKeyPair":{"pubKey":"Bd87rheoH3PCDpB1BgWJazWYmh0b3SBxktG7FRyvCjRT","privKey":"oHRqlAU4puIOQglG3kcl/3Xe0vg1AWA932YDasUJuWw="},"lastRemoteEphemeralKey":"BWvVNvigOhdeEFCZD6izNRvDzq1JC/Hhu6wh+y++ZKBM","previousCounter":0,"rootKey":"o1IuoPy/7PX+GtUN5+G+k6FDIEnhEq56sb+zdQCl2ls="},"indexInfo":{"baseKey":"Bf0DJElmRdLrIJcR1siiqdrxvjKjalK3bP+w4rbzHrRd","baseKeyType":1,"closed":1676387071109,"used":1676387070712,"created":1676387070712,"remoteIdentityKey":"BfJZO+BATgpKKqaigXXwOce+NMQCKeQrIgBKPg41aH0N"},"_chains":{"Bd87rheoH3PCDpB1BgWJazWYmh0b3SBxktG7FRyvCjRT":{"chainKey":{"counter":-1,"key":"racXAcLJzAsLIqticHXWT2k9Y7nYpXoKHDBsQyfNm14="},"chainType":1,"messageKeys":{}}},"pendingPreKey":{"signedKeyId":1,"baseKey":"Bf0DJElmRdLrIJcR1siiqdrxvjKjalK3bP+w4rbzHrRd","preKeyId":21}},"BexbSZMC6bjFEK0V58WkBZ5JpixGQOrStAfqccjAIQRK":{"registrationId":106,"currentRatchet":{"ephemeralKeyPair":{"pubKey":"BXUGNojDHYRqCXurTfGHU1Kn/jj/t1KLeU1OHWLv+2Ae","privKey":"GKhEBOHlbJg7I+ZGTsG9pu6ke34UDkCVGNvSzPFx13M="},"lastRemoteEphemeralKey":"BWvVNvigOhdeEFCZD6izNRvDzq1JC/Hhu6wh+y++ZKBM","previousCounter":0,"rootKey":"bwwwhmRbZm+4jhFu9qg3e/EF8w+fDx4aZz/bDac0JDk="},"indexInfo":{"baseKey":"BexbSZMC6bjFEK0V58WkBZ5JpixGQOrStAfqccjAIQRK","baseKeyType":1,"closed":1676387071508,"used":1676387071101,"created":1676387071101,"remoteIdentityKey":"BfJZO+BATgpKKqaigXXwOce+NMQCKeQrIgBKPg41aH0N"},"_chains":{"BXUGNojDHYRqCXurTfGHU1Kn/jj/t1KLeU1OHWLv+2Ae":{"chainKey":{"counter":-1,"key":"QTn9q8L9xiTQEYmVMgL39tGP0pgnKNiZUdlf5bfJdAw="},"chainType":1,"messageKeys":{}}},"pendingPreKey":{"signedKeyId":1,"baseKey":"BexbSZMC6bjFEK0V58WkBZ5JpixGQOrStAfqccjAIQRK","preKeyId":13}},"BSPre41k5NwiRqGp5gR7uFgPPjQzVKjGbhNAR2qmGgkU":{"registrationId":106,"currentRatchet":{"ephemeralKeyPair":{"pubKey":"BfvuEeYzKvEJawetwjUsufZtV33qzEBbXpwNfTGIioY6","privKey":"MIb9VOu7iAxHzqEZTdtwLQ9eHksgRJtq7cwnBUyv9kM="},"lastRemoteEphemeralKey":"BWvVNvigOhdeEFCZD6izNRvDzq1JC/Hhu6wh+y++ZKBM","previousCounter":0,"rootKey":"3sUO5CyxAMMLpp2EP4ZDFYlONWRg1uke0PG05gQvkkI="},"indexInfo":{"baseKey":"BSPre41k5NwiRqGp5gR7uFgPPjQzVKjGbhNAR2qmGgkU","baseKeyType":1,"closed":1676387071907,"used":1676387071501,"created":1676387071501,"remoteIdentityKey":"BfJZO+BATgpKKqaigXXwOce+NMQCKeQrIgBKPg41aH0N"},"_chains":{"BfvuEeYzKvEJawetwjUsufZtV33qzEBbXpwNfTGIioY6":{"chainKey":{"counter":-1,"key":"OLD/iLRkjwHz+abXK6421ERdTekOdkdIhzVNOynnRvM="},"chainType":1,"messageKeys":{}}},"pendingPreKey":{"signedKeyId":1,"baseKey":"BSPre41k5NwiRqGp5gR7uFgPPjQzVKjGbhNAR2qmGgkU","preKeyId":17}},"BYpeIBk/XT54DgRW06Q0QhGIb+N30qUe1JKgVg6mFdsL":{"registrationId":106,"currentRatchet":{"ephemeralKeyPair":{"pubKey":"BX+ewybtYcSNpYKkYsGVu1/v8yM5DGKuuE4A3PE2IXM5","privKey":"qEeXg4CJu9ZZ6Mh7bPwnFrXI8/Um98Qjz9a2neNKf2A="},"lastRemoteEphemeralKey":"BWvVNvigOhdeEFCZD6izNRvDzq1JC/Hhu6wh+y++ZKBM","previousCounter":0,"rootKey":"fFsY/Fx8yFxQG5z1FhWYUkP1VM7QDlGg9dx1Ga3fVGY="},"indexInfo":{"baseKey":"BYpeIBk/XT54DgRW06Q0QhGIb+N30qUe1JKgVg6mFdsL","baseKeyType":1,"closed":1676387072336,"used":1676387071892,"created":1676387071892,"remoteIdentityKey":"BfJZO+BATgpKKqaigXXwOce+NMQCKeQrIgBKPg41aH0N"},"_chains":{"BX+ewybtYcSNpYKkYsGVu1/v8yM5DGKuuE4A3PE2IXM5":{"chainKey":{"counter":-1,"key":"AQL8DG2rBe+MO7lQCoK3rD7I0Cjjt1kM1pYWjDfCis4="},"chainType":1,"messageKeys":{}}},"pendingPreKey":{"signedKeyId":1,"baseKey":"BYpeIBk/XT54DgRW06Q0QhGIb+N30qUe1JKgVg6mFdsL","preKeyId":1}},"BXnfh7/rdoQOOqtBTa9fQLfvx/gi2r0UvWQqxttNy5cE":{"registrationId":106,"currentRatchet":{"ephemeralKeyPair":{"pubKey":"BZ4QWtftj14swvIJQuAyLabjHFmcOHzMjgOQh8xrXhk/","privKey":"qEOxA3nkL2LntrfEm6hkYlP/ET+Vdp6hMv3yRDxPY1c="},"lastRemoteEphemeralKey":"BWvVNvigOhdeEFCZD6izNRvDzq1JC/Hhu6wh+y++ZKBM","previousCounter":0,"rootKey":"0zTEdh4OnV+cVOwA4MMKyLDw4JTTm+WKYPoYnzG9H6Q="},"indexInfo":{"baseKey":"BXnfh7/rdoQOOqtBTa9fQLfvx/gi2r0UvWQqxttNy5cE","baseKeyType":1,"closed":1676387072707,"used":1676387072331,"created":1676387072331,"remoteIdentityKey":"BfJZO+BATgpKKqaigXXwOce+NMQCKeQrIgBKPg41aH0N"},"_chains":{"BZ4QWtftj14swvIJQuAyLabjHFmcOHzMjgOQh8xrXhk/":{"chainKey":{"counter":-1,"key":"0vbfuciXiWeAiWN9aaUKqyR6kEJmltvyeckJxodWZOc="},"chainType":1,"messageKeys":{}}},"pendingPreKey":{"signedKeyId":1,"baseKey":"BXnfh7/rdoQOOqtBTa9fQLfvx/gi2r0UvWQqxttNy5cE","preKeyId":28}},"BYMTk5fh82Vw4BRHI+hnZf2ABVZ+Qiq2Au1PsOJdjfAi":{"registrationId":106,"currentRatchet":{"ephemeralKeyPair":{"pubKey":"BZiBhWHoOJbueKeLnBwLEFe+87lIlhgHfYNAlXh3YKME","privKey":"QBmN3Pd5VBxQEDl5COaSO6s3RF8gvTTiSpyVDLONAHw="},"lastRemoteEphemeralKey":"BWvVNvigOhdeEFCZD6izNRvDzq1JC/Hhu6wh+y++ZKBM","previousCounter":0,"rootKey":"rLdt1HErN4HvH3hVjlMubLiOjI6Pd6LdfSxDDn5Uw5Q="},"indexInfo":{"baseKey":"BYMTk5fh82Vw4BRHI+hnZf2ABVZ+Qiq2Au1PsOJdjfAi","baseKeyType":1,"closed":1676387073118,"used":1676387072701,"created":1676387072701,"remoteIdentityKey":"BfJZO+BATgpKKqaigXXwOce+NMQCKeQrIgBKPg41aH0N"},"_chains":{"BZiBhWHoOJbueKeLnBwLEFe+87lIlhgHfYNAlXh3YKME":{"chainKey":{"counter":-1,"key":"3wSkPE99ZFOAZwVQGcEYHyLGQXaV4dCiPGyPe/i8Tb0="},"chainType":1,"messageKeys":{}}},"pendingPreKey":{"signedKeyId":1,"baseKey":"BYMTk5fh82Vw4BRHI+hnZf2ABVZ+Qiq2Au1PsOJdjfAi","preKeyId":10}},"BX9RLCLAMs/wumTvgyuslA54BwJ3MTOIOWc4g870KhUJ":{"registrationId":106,"currentRatchet":{"ephemeralKeyPair":{"pubKey":"BXcukFF8ByDwMdShIMWCd+HiWqfeVBB6WOoMK4diNGoN","privKey":"uLKTRXlfb/bc3G9ukvuAd6wcn6vTN/CfNTkHvCu+bUc="},"lastRemoteEphemeralKey":"BWvVNvigOhdeEFCZD6izNRvDzq1JC/Hhu6wh+y++ZKBM","previousCounter":0,"rootKey":"0RCkq6uJz1NQ7KI0s8OZk+K/sF0KOTM9H9iTXoln66E="},"indexInfo":{"baseKey":"BX9RLCLAMs/wumTvgyuslA54BwJ3MTOIOWc4g870KhUJ","baseKeyType":1,"closed":1676387073514,"used":1676387073109,"created":1676387073109,"remoteIdentityKey":"BfJZO+BATgpKKqaigXXwOce+NMQCKeQrIgBKPg41aH0N"},"_chains":{"BXcukFF8ByDwMdShIMWCd+HiWqfeVBB6WOoMK4diNGoN":{"chainKey":{"counter":-1,"key":"590gnxVhhRgwmfa1vGaTqbz5NUAVIzoJp3v9A8UHNH0="},"chainType":1,"messageKeys":{}}},"pendingPreKey":{"signedKeyId":1,"baseKey":"BX9RLCLAMs/wumTvgyuslA54BwJ3MTOIOWc4g870KhUJ","preKeyId":22}},"BYJsKePGggAHC/ilPcfjpxtPm134XkG8KFHHKwPi/Jxy":{"registrationId":106,"currentRatchet":{"ephemeralKeyPair":{"pubKey":"BXyHxvx57ZT4CDamxDzIbtAUnTmN6h+ewwqr2v3Jgck4","privKey":"oLGA0hxYucgdMTDlIuj70SXHt4xlvj+gV/3Nahh9Zng="},"lastRemoteEphemeralKey":"BWvVNvigOhdeEFCZD6izNRvDzq1JC/Hhu6wh+y++ZKBM","previousCounter":0,"rootKey":"mh6JAov5tWebbkavXAG1lk9Y6Cty6x2kZE9BPJ4ujo8="},"indexInfo":{"baseKey":"BYJsKePGggAHC/ilPcfjpxtPm134XkG8KFHHKwPi/Jxy","baseKeyType":1,"closed":1676387073943,"used":1676387073508,"created":1676387073508,"remoteIdentityKey":"BfJZO+BATgpKKqaigXXwOce+NMQCKeQrIgBKPg41aH0N"},"_chains":{"BXyHxvx57ZT4CDamxDzIbtAUnTmN6h+ewwqr2v3Jgck4":{"chainKey":{"counter":-1,"key":"Ev4xJV8Pmbuwb1xR5zC8xo4o5ATKvoaLtiDfvC3/WKo="},"chainType":1,"messageKeys":{}}},"pendingPreKey":{"signedKeyId":1,"baseKey":"BYJsKePGggAHC/ilPcfjpxtPm134XkG8KFHHKwPi/Jxy","preKeyId":18}},"BRIZ9dTYRG51hIdIxq5lRDPhC4CkDk+si4l/iHZS2PM8":{"registrationId":106,"currentRatchet":{"ephemeralKeyPair":{"pubKey":"BTWuZYaRIKHevq+UzIQHjUe4HgwF2VUrXv6K/QgAF0ZV","privKey":"6AHriBZr8sy45oYlQnKb6Xa5XQeOk9ZPxdPiorhkOlI="},"lastRemoteEphemeralKey":"BWvVNvigOhdeEFCZD6izNRvDzq1JC/Hhu6wh+y++ZKBM","previousCounter":0,"rootKey":"IEdvaDehPhWKhub9VKKkczITAE6bExqghoE1edVSTJ0="},"indexInfo":{"baseKey":"BRIZ9dTYRG51hIdIxq5lRDPhC4CkDk+si4l/iHZS2PM8","baseKeyType":1,"closed":1676387074372,"used":1676387073928,"created":1676387073928,"remoteIdentityKey":"BfJZO+BATgpKKqaigXXwOce+NMQCKeQrIgBKPg41aH0N"},"_chains":{"BTWuZYaRIKHevq+UzIQHjUe4HgwF2VUrXv6K/QgAF0ZV":{"chainKey":{"counter":-1,"key":"8opHUakorJCvK+bW4p68CxlgJsI/WiDxEIdFK26gIDg="},"chainType":1,"messageKeys":{}}},"pendingPreKey":{"signedKeyId":1,"baseKey":"BRIZ9dTYRG51hIdIxq5lRDPhC4CkDk+si4l/iHZS2PM8","preKeyId":12}},"Bc36VizSlKyB7QhHPjQozY64c15kAeN6IDNSPiwVE5wD":{"registrationId":106,"currentRatchet":{"ephemeralKeyPair":{"pubKey":"BXLYKEyzr5FILMtaRuhSHkteIAN+c0/cZN98kkemjmFf","privKey":"IF+79/FP4Zdl4OKe6znnQAs78Qiat6Ream4NgwtWrFI="},"lastRemoteEphemeralKey":"BWvVNvigOhdeEFCZD6izNRvDzq1JC/Hhu6wh+y++ZKBM","previousCounter":0,"rootKey":"mYaOd6axa0pdWD2gkwZkvxI45RymEtgd0ipms86l6H0="},"indexInfo":{"baseKey":"Bc36VizSlKyB7QhHPjQozY64c15kAeN6IDNSPiwVE5wD","baseKeyType":1,"closed":1676387074801,"used":1676387074362,"created":1676387074362,"remoteIdentityKey":"BfJZO+BATgpKKqaigXXwOce+NMQCKeQrIgBKPg41aH0N"},"_chains":{"BXLYKEyzr5FILMtaRuhSHkteIAN+c0/cZN98kkemjmFf":{"chainKey":{"counter":-1,"key":"kPyTxuBbMYombUmKsMdMC+IfW9UMAL+BkFwJ09UCsCg="},"chainType":1,"messageKeys":{}}},"pendingPreKey":{"signedKeyId":1,"baseKey":"Bc36VizSlKyB7QhHPjQozY64c15kAeN6IDNSPiwVE5wD","preKeyId":26}},"BRV04C+pA3k7x2iSf5jWhTUcYQ81iFsSne5NyCNnWTwt":{"registrationId":106,"currentRatchet":{"ephemeralKeyPair":{"pubKey":"Bd3YL0p+Vf1Mh8tCpa7xXF4PREbex/elO5hMa0nxtIMC","privKey":"MAYT0LGxw2t2M9gCK2K+N333H1GllXvgp12RRLu8PG8="},"lastRemoteEphemeralKey":"BWvVNvigOhdeEFCZD6izNRvDzq1JC/Hhu6wh+y++ZKBM","previousCounter":0,"rootKey":"zGmW/rQ+u1Xv5kNfN6TsC38lIu2ZC4QZzUQQd5HIl5s="},"indexInfo":{"baseKey":"BRV04C+pA3k7x2iSf5jWhTUcYQ81iFsSne5NyCNnWTwt","baseKeyType":1,"closed":1676387075225,"used":1676387074790,"created":1676387074790,"remoteIdentityKey":"BfJZO+BATgpKKqaigXXwOce+NMQCKeQrIgBKPg41aH0N"},"_chains":{"Bd3YL0p+Vf1Mh8tCpa7xXF4PREbex/elO5hMa0nxtIMC":{"chainKey":{"counter":-1,"key":"skhbz8yM+Pw6ZN7acP3YHzhUddBhs5dEwF8arBPyB5k="},"chainType":1,"messageKeys":{}}},"pendingPreKey":{"signedKeyId":1,"baseKey":"BRV04C+pA3k7x2iSf5jWhTUcYQ81iFsSne5NyCNnWTwt","preKeyId":19}},"BTKFHqk4NY1/T2rQF5ePcXXPDWYrDJsCROKbwYqk1xUC":{"registrationId":106,"currentRatchet":{"ephemeralKeyPair":{"pubKey":"Bb4MtkLvl8aCTlQkNafx2a0DcJp9+EQ3RBqAdzZL3zYG","privKey":"YEuxmxA0AUA0QEi5HNHcLGd3gpj7vx0BCxhkUoq243I="},"lastRemoteEphemeralKey":"BWvVNvigOhdeEFCZD6izNRvDzq1JC/Hhu6wh+y++ZKBM","previousCounter":0,"rootKey":"l8J6k3pF4rJm/Iq9Y9X5xlsavxsLDoAXj5MFi2RDq9k="},"indexInfo":{"baseKey":"BTKFHqk4NY1/T2rQF5ePcXXPDWYrDJsCROKbwYqk1xUC","baseKeyType":1,"closed":-1,"used":1676387075219,"created":1676387075219,"remoteIdentityKey":"BfJZO+BATgpKKqaigXXwOce+NMQCKeQrIgBKPg41aH0N"},"_chains":{"Bb4MtkLvl8aCTlQkNafx2a0DcJp9+EQ3RBqAdzZL3zYG":{"chainKey":{"counter":5,"key":"Dderd3N6tLT8CsNh0pUjo71HzLqHXj7B9wWQK3sPrkE="},"chainType":1,"messageKeys":{}}},"pendingPreKey":{"signedKeyId":1,"baseKey":"BTKFHqk4NY1/T2rQF5ePcXXPDWYrDJsCROKbwYqk1xUC","preKeyId":11}}},"version":"v1"}