{"_sessions":{"BZrlunm5DphTgC2YpyHxOr/ZvZv1YHDxpnZw+KwzqfpN":{"registrationId":8915,"currentRatchet":{"ephemeralKeyPair":{"pubKey":"BSjRy9iceliX7+c46jN2SrGn0i3c/ZutbrjN9eiEkQgD","privKey":"kFInJ3Ggf3h1P8cFgu36vboiLn15xu/Lr/Cj31Hmrlk="},"lastRemoteEphemeralKey":"Bcyjj1R80IlVs++hq4vneaLD0U2pR9/ZOLNKtNAnm1Jm","previousCounter":0,"rootKey":"cZBu5V43gejzsIqBVgIVih6feEc2zdxuxfn6JFrWjlk="},"indexInfo":{"baseKey":"BZrlunm5DphTgC2YpyHxOr/ZvZv1YHDxpnZw+KwzqfpN","baseKeyType":1,"closed":-1,"used":1676038162560,"created":1676038162560,"remoteIdentityKey":"BTH8PVip5DJyWeCeWWErQ8k6tF4ct5IuSYUkbTGs+DoV"},"_chains":{"BSjRy9iceliX7+c46jN2SrGn0i3c/ZutbrjN9eiEkQgD":{"chainKey":{"counter":193,"key":"pIAnqELCQZuqeF7LFAV+OxqimhWY+LnUfmCm2J24RT0="},"chainType":1,"messageKeys":{}}},"pendingPreKey":{"signedKeyId":1,"baseKey":"BZrlunm5DphTgC2YpyHxOr/ZvZv1YHDxpnZw+KwzqfpN","preKeyId":154}}},"version":"v1"}