{"_sessions":{"BaXY1x5XLo6RmsGvqzN173MuGfDtVkMhceV3B4iwCZMq":{"registrationId":174727639,"currentRatchet":{"ephemeralKeyPair":{"pubKey":"BW+oMc3z20r4niYWrtYfvlcgcqQlZ+HgkO5olD7NswFX","privKey":"MBLcvK5d7Y5a/ClYRrAZg5DdC9DHp5MYqZj7GcVDSXU="},"lastRemoteEphemeralKey":"BSGGXixcfNSyYT3nTOwhu4H/3o2BCppFQXkXiGY8ivpV","previousCounter":0,"rootKey":"J7kmmiSaMX3rox0OtUKGYXUU5GwyCKyStiG7TQa6gPA="},"indexInfo":{"baseKey":"BaXY1x5XLo6RmsGvqzN173MuGfDtVkMhceV3B4iwCZMq","baseKeyType":2,"closed":-1,"used":1676098754853,"created":1676098307045,"remoteIdentityKey":"BS91wt85NpW/+IxS+e5XfSbf3dp9bJcJDJz/4Zw8ymY6"},"_chains":{"BTwfqg3mg9ODvbrpmVRmIxnuqANSJUdpQ+L02zL8Rxg3":{"chainKey":{"counter":0},"chainType":2,"messageKeys":{}},"BUqTdI+r4ge0EgekpsZoAG5ErLRphNtksoTOeoE0+5sR":{"chainKey":{"counter":0},"chainType":2,"messageKeys":{}},"BT4pbUWAr8H0ib4IHCAIJyiOsGkaYkN4NJiLzIbnKo8V":{"chainKey":{"counter":0},"chainType":2,"messageKeys":{}},"BSGGXixcfNSyYT3nTOwhu4H/3o2BCppFQXkXiGY8ivpV":{"chainKey":{"counter":0,"key":"p14dmQYIUYTvroW3tWCcTiu5xu3wl8Inhvb6If5ulNM="},"chainType":2,"messageKeys":{}},"BW+oMc3z20r4niYWrtYfvlcgcqQlZ+HgkO5olD7NswFX":{"chainKey":{"counter":0,"key":"Mztvv5qOIXGLGRdYkNuE/Ey8A2/By2tCefG3VkDScyI="},"chainType":1,"messageKeys":{}}}}},"version":"v1"}