{"_sessions":{"BZk2jE1t+1/ShjfNipryszhSRlkUvFFDri7big4Di5pf":{"registrationId":2120189575,"currentRatchet":{"ephemeralKeyPair":{"pubKey":"BdtD+/BMWDl0rTvV7ABAKbT07CBGHlF8jD5M0sUWlhwp","privKey":"8H8lrfFWWEVDQgWZ0rHvbH6O2PGyJRA1GP/YOZ7ZT2k="},"lastRemoteEphemeralKey":"BURmabyNxsAWHc91tlA64tUHO9juPNncvqIFxp4AEuBP","previousCounter":29,"rootKey":"T7zTZTRqoPaiMQtSSRyIKJQHEbDCr7N6FEQfMBG4rvA="},"indexInfo":{"baseKey":"BZk2jE1t+1/ShjfNipryszhSRlkUvFFDri7big4Di5pf","baseKeyType":2,"closed":-1,"used":1676094192172,"created":1676038124321,"remoteIdentityKey":"BQ3AibMM2A/hknNfVzISQsgkeJtZ3u4FxBdM2+UhgMgr"},"_chains":{"BTqQ4XD3Gg7by3RUMgDWN51A014yJDR33wyqzI+k2OcT":{"chainKey":{"counter":7},"chainType":2,"messageKeys":{}},"BTc/SOYWtJmpyeGJuzI5FWruUMhJzIY/6G8E7agBiAh8":{"chainKey":{"counter":1},"chainType":2,"messageKeys":{}},"BdZLmtbwit59ipeewkbcPxaH2qlc2kDJYjw6hYawMutl":{"chainKey":{"counter":0},"chainType":2,"messageKeys":{}},"BURmabyNxsAWHc91tlA64tUHO9juPNncvqIFxp4AEuBP":{"chainKey":{"counter":0,"key":"ZQ3EE8JDGOg/epsf0iWuPgqasXE5e3oMHShc3k/3X3I="},"chainType":2,"messageKeys":{}},"BdtD+/BMWDl0rTvV7ABAKbT07CBGHlF8jD5M0sUWlhwp":{"chainKey":{"counter":125,"key":"UTSwO5sUkG/n4iFq5GpxZN6EshCPxgHXFCEQIqJBmp4="},"chainType":1,"messageKeys":{}}}}},"version":"v1"}