{"_sessions":{"BU5+oNMe6snz0FgdZ4VZjafdBYE3QKECAzQ3YTm0mUp3":{"registrationId":1381315359,"currentRatchet":{"ephemeralKeyPair":{"pubKey":"BR+SVclOhayyeUVIjbGp+45ni52tt140Ue6zpoZ7nWQt","privKey":"oKW0CcJJoxQ4ODW0b5E3JyzKsAB2QP2nhjQuewyZVVA="},"lastRemoteEphemeralKey":"BYtx02DvOdOEqrAAcNhW06nR3KtEwvDJV1aJs/ewdhR9","previousCounter":0,"rootKey":"mIL55oP34xMXt9Rp9HCqqJecN/fPJBEgAgP7xWwrpjo="},"indexInfo":{"baseKey":"BU5+oNMe6snz0FgdZ4VZjafdBYE3QKECAzQ3YTm0mUp3","baseKeyType":2,"closed":1676110367461,"used":1676110363173,"created":1676038160961,"remoteIdentityKey":"BWr7r+aWUb4o6AkhIvZibKESBJxBnpqTPm7PaoIFTdMf"},"_chains":{"BVzlFioYY4VSZAahjIJrjUiz+IQboEZtSg/u2/ikerI9":{"chainKey":{"counter":0},"chainType":2,"messageKeys":{}},"BVrFyPMbMH3vEvDyhGVr4xlGhO7HofNmxOivZ23dIcsg":{"chainKey":{"counter":0},"chainType":2,"messageKeys":{}},"BXPzShWfckBMe11ly9RtAC64e0QZQlbY9vTfPm0oJ0Md":{"chainKey":{"counter":0},"chainType":2,"messageKeys":{}},"BS9HaR1L8RvYQllg38xzBeVvPe+j1eD8HLCtY9jI2O8T":{"chainKey":{"counter":0},"chainType":2,"messageKeys":{}},"BT24WNVjRwVL4l3TuhepTqL7KehbfKqqEc7aKEb9BHgK":{"chainKey":{"counter":0},"chainType":2,"messageKeys":{}},"BTRpvKxhTCOE8mdguY8rGO09ygVLZni4VQrl90Us9fZQ":{"chainKey":{"counter":0},"chainType":2,"messageKeys":{}},"BWXvZ1KL90ksIM18fYhSbHnQ86aiZDf48cqThqzyiW9f":{"chainKey":{"counter":0},"chainType":2,"messageKeys":{}},"BctjijgeLFYWZS8EVVNX8ktUQW9F3g5RwyPTlvwrp3RS":{"chainKey":{"counter":0},"chainType":2,"messageKeys":{}},"BaPepLH+GkkmS8so+mpkCK0Bx8SUZC9NPiQhoKSHwEN0":{"chainKey":{"counter":2},"chainType":2,"messageKeys":{"2":"2unUJO1ENYbQai7epc4ksYdVDkClK3efc7O+CGPruzk="}},"BcENSTTUnIg9iAZvwdY1FUW6oBYhSmwoDTffxouX5NVS":{"chainKey":{"counter":3},"chainType":2,"messageKeys":{}},"BbKb7Z5livukLQyFkofk4nWVf24X8ndpEINByr99Qxgk":{"chainKey":{"counter":2},"chainType":2,"messageKeys":{}},"BVujEs2PzZuDuS4F/m97MjUGhsyjg380SHkJ+aSa/cQx":{"chainKey":{"counter":0},"chainType":2,"messageKeys":{}},"Bdlx1EuwnmScpIvFlDVCT2/EIEh+zUuMTYGpWCXxMEcT":{"chainKey":{"counter":0},"chainType":2,"messageKeys":{}},"BaBqHQfsG/Z0pNhVy14Hy6uSuwtiOxReWwG2nW9woQlb":{"chainKey":{"counter":0},"chainType":2,"messageKeys":{}},"BTu81VZwPqKxGEFYEvqL9ONLFskX2hy/mkgUQdn14jgh":{"chainKey":{"counter":0},"chainType":2,"messageKeys":{}},"BfVZp1sX0sTbmRnwCwu7s6POHFCY3RUK87xAjs+KezBr":{"chainKey":{"counter":0},"chainType":2,"messageKeys":{}},"BUH/hS7yR9NiRX0KpLesvgfAtQwjqNUpgZwW7WX2Qu1f":{"chainKey":{"counter":0},"chainType":2,"messageKeys":{}},"BZ0GDKF32H5tX5D4rOrzndMb2p2bExehozVEDIC0cslj":{"chainKey":{"counter":0},"chainType":2,"messageKeys":{}},"BbTuw2w5NWYrF6qVPK548t4ieAFvBTYDua9wT1WD3/9E":{"chainKey":{"counter":0},"chainType":2,"messageKeys":{}},"BcaMPhZuxrVqDg+CgNFw7CIEeDr7BC5KUx1FGDQVrGoj":{"chainKey":{"counter":0},"chainType":2,"messageKeys":{}},"BcDch94aSKYrCQzj5c5MScHAK7ZqcbXPwRTXUdoTHjQ9":{"chainKey":{"counter":0},"chainType":2,"messageKeys":{}},"BU5A42xo0SQvio6QpMewp/qcKYmGYSiaHdMPfq/HY8he":{"chainKey":{"counter":0},"chainType":2,"messageKeys":{}},"BVa2T0xIq5BnJJq3biRaXzwdg+kstSER1wO9DlJNReI5":{"chainKey":{"counter":0},"chainType":2,"messageKeys":{}},"BU4m5Ww9/TAW4s1yqOedaLX1gjtZZ0D0Pnof+yhT2WAq":{"chainKey":{"counter":0},"chainType":2,"messageKeys":{}},"BQPR8zw3p6MEbOdn73Q2LyIOYNOrvOXfQ0GSyiHC/WdC":{"chainKey":{"counter":0},"chainType":2,"messageKeys":{}},"BfQQasWPTCcH+7hMOZx8IynIyWB/3NTuXDnhR4GRjU4b":{"chainKey":{"counter":0},"chainType":2,"messageKeys":{}},"BdKwbW1zNMQ7S/aiFrb88yPMoTkL0+kZ66EOXSENSZMU":{"chainKey":{"counter":0},"chainType":2,"messageKeys":{}},"BfDyhrgTLTXxDYrHTi7Cw2K/gA+iWwcontMsa5YMg0EX":{"chainKey":{"counter":0},"chainType":2,"messageKeys":{}},"BZKGp+PH+gKEjyiOVeuveCFqTt2o33AjVJe06YBDrigv":{"chainKey":{"counter":1},"chainType":2,"messageKeys":{}},"BVE0Z1eOkenQsdb+MsrbQPhRUkrthlxbqzazI22D9yYV":{"chainKey":{"counter":0},"chainType":2,"messageKeys":{}},"BYJu1YQhp6hJV99nZrEvOH9iytJ8kLvkWo14vul6J1cT":{"chainKey":{"counter":0},"chainType":2,"messageKeys":{}},"BZNCKWAcEMvsIvOitWXXs+6SH9ymtC4dVXm2p4fPW7No":{"chainKey":{"counter":0},"chainType":2,"messageKeys":{}},"BV6CbJlPP+anQoeJLR42SoMCosjUGVGhb6hFZ9z7SzRd":{"chainKey":{"counter":1},"chainType":2,"messageKeys":{}},"BXaGCfcI99ieA7ugicH8fQdNX74s6e3eOcVR+AOmCy0I":{"chainKey":{"counter":0},"chainType":2,"messageKeys":{}},"Bb3Sd9tA2JGn0DJH5uBJWcavWzZ5eCBEU4/boTFbahMZ":{"chainKey":{"counter":0},"chainType":2,"messageKeys":{}},"BYpgEvq75xWKh9T1vQuQBhLIFx8+uvYBhOMiOAMpwIIZ":{"chainKey":{"counter":0},"chainType":2,"messageKeys":{}},"BQmBX+K57JYy1mf5J5xuw/lNkpV1JmeyMxZowppVWWc2":{"chainKey":{"counter":0},"chainType":2,"messageKeys":{}},"BVs5p/CbG4Basngtxe+OBmwsFRAtNPSf2Hlj0DzrNYUg":{"chainKey":{"counter":0},"chainType":2,"messageKeys":{}},"BcxAPqmF7+zrSJJde0EFQ8oWC5BXBOX9aUSkFVlQ53Bg":{"chainKey":{"counter":0},"chainType":2,"messageKeys":{}},"BW+PSeFsU2QTc32lc+TM2Md3O3+scGg9glSetaJW9sB7":{"chainKey":{"counter":0},"chainType":2,"messageKeys":{}},"BYHDC/w3+C+e9dQIOA2rWlkC6jcoW7AXtrSi4McXzEs+":{"chainKey":{"counter":0},"chainType":2,"messageKeys":{}},"BSZS2RgMMAufGMBlfrNSqucXfxKQEjklrM0SYBb+Nxcx":{"chainKey":{"counter":1},"chainType":2,"messageKeys":{}},"Bcgq86vzpk3GAmJvbgdNCQ+5Nm578qggoLtvJiyXh0oF":{"chainKey":{"counter":0},"chainType":2,"messageKeys":{}},"BfMWlDnBI5U/+aPWyW++efrF5EkzFFXJbM5V5qqrQW45":{"chainKey":{"counter":0},"chainType":2,"messageKeys":{}},"BXWyRqoJpNkl/AgT3BDhi80qqn3x0Fm/mHkgzXleQyBU":{"chainKey":{"counter":0},"chainType":2,"messageKeys":{}},"BVaterGW/a8zN0SiLs0LsEf/yNusAQA/D8e3ip9hZ6cv":{"chainKey":{"counter":0},"chainType":2,"messageKeys":{}},"BcKGLimM0D/cRGO+ppgLFKojm6zoPAIzFDXMbhLGLD0t":{"chainKey":{"counter":0},"chainType":2,"messageKeys":{}},"BWgEH+fMWBSHWodP3trcTxASlBt/EYKOLz2y3Xd/g59O":{"chainKey":{"counter":0},"chainType":2,"messageKeys":{}},"BbuHtQUa3ao3FAi5qJZqOKkILXmo7NTg5K44j33WFxAO":{"chainKey":{"counter":0},"chainType":2,"messageKeys":{}},"BQN7gOgyhYyuzP1fBaClRsicWcJuvMmXpCCtNZiF9Zsf":{"chainKey":{"counter":0},"chainType":2,"messageKeys":{}},"BdxPxS+awk3hC5+LSPH6l7zK+PHaYCw/ZJRgpgNVLNoZ":{"chainKey":{"counter":0},"chainType":2,"messageKeys":{}},"BaIDSz0gZDbWMV0diEnmnqBKwMXPfiIZsjMUL3Z9lNAv":{"chainKey":{"counter":0},"chainType":2,"messageKeys":{}},"BSPSIFQ+tF8HM/PkC9lwtUSffSvbfnw0hIBj7Tqdq2Fo":{"chainKey":{"counter":0},"chainType":2,"messageKeys":{}},"BbR/P+0hOSB6miwCLZZrDnZS9VYsHS4HFqYTCZrTIHtF":{"chainKey":{"counter":0},"chainType":2,"messageKeys":{}},"BXvD3cWKxDtXiRNyoeUXQI7tglZgq/oPIy20hQW/BEpQ":{"chainKey":{"counter":0},"chainType":2,"messageKeys":{}},"BQttB+7uPY9Az0QB3v1vtIMcNNHDnep7CAjiiAoprap3":{"chainKey":{"counter":0},"chainType":2,"messageKeys":{}},"Bf+WUWRxCJOAk/v73ZiSSjyrFC8qY8q5vY1HAkSbJL4X":{"chainKey":{"counter":0},"chainType":2,"messageKeys":{}},"BQbAoG9r95WagkRknPyakMI7YJ3JFvyYuu7hsvKw/IBe":{"chainKey":{"counter":0},"chainType":2,"messageKeys":{}},"BWVdR77JZZ6Omkx/3a3k+ABbHXvqY2m2ypg1VWbliu8V":{"chainKey":{"counter":0},"chainType":2,"messageKeys":{}},"BY5Rc32Qe51Pc1ZwppI7R9n4aExnbxi6lbInT4EBttps":{"chainKey":{"counter":2},"chainType":2,"messageKeys":{}},"BUczQhgwhK4ZrpYgjncpkB8WC7FM2VADZAK7xF2p2lIU":{"chainKey":{"counter":0},"chainType":2,"messageKeys":{}},"BZ4o/rCecUocRMPJe1JHfXIRgWE2yqkWXbB/Q4wvBTpM":{"chainKey":{"counter":0},"chainType":2,"messageKeys":{}},"BTos1oksS9d4LmhBnB3Q1AOe36eQ1YVQHh1v3pgnb38/":{"chainKey":{"counter":0},"chainType":2,"messageKeys":{}},"BZ4RSSxDvxSJpzzQum/5NqBAeRSsxFJTMyVv/9CLvN0v":{"chainKey":{"counter":0},"chainType":2,"messageKeys":{}},"BV53E+m0HKC17JwmqkEAe4zQMiGCBZKFIWCVMgKW5mlJ":{"chainKey":{"counter":0},"chainType":2,"messageKeys":{}},"BV0d6lPD9Yt+CmjidcEqgKXro5s8gAjR5UAb39yj2K90":{"chainKey":{"counter":0},"chainType":2,"messageKeys":{}},"BbrKg2Qy7GvTqB1vBrUCSUZw6eds1k9PJwGZ1TREUOUN":{"chainKey":{"counter":0},"chainType":2,"messageKeys":{}},"BdmAsIuN4vRqeFABysLPC9eq4h3PDbvAK4/PQ36/r1RD":{"chainKey":{"counter":0},"chainType":2,"messageKeys":{}},"BdHVOt9AG1d8VdEhyiZoZH8ULvAG1mimT+darkcd/EoQ":{"chainKey":{"counter":1},"chainType":2,"messageKeys":{}},"BY2LAmhOAMQLDOy3q4EyjIdeyN26wJF/VuEqdIt0sABg":{"chainKey":{"counter":0},"chainType":2,"messageKeys":{}},"BY1zSNT5AudOr/rT35eJcs3fHVHg/qRgtN2jFGky6xlk":{"chainKey":{"counter":0},"chainType":2,"messageKeys":{}},"BVgxZTcGbautAFAaN6voXZpWreAHE7oEpNw17vfnhcFu":{"chainKey":{"counter":0},"chainType":2,"messageKeys":{}},"BfMmYqIdiCesUY6arCSTD7QVHECnQZMZDSzPuWDe50No":{"chainKey":{"counter":0},"chainType":2,"messageKeys":{}},"BfVY4m7fDrgrT/7u061poV6n5JVIBlxFpDjXqo0mpf8t":{"chainKey":{"counter":0},"chainType":2,"messageKeys":{}},"BehFf1OnE8o19+G1gfnFpHUjRAxyoVrhdqIl1e6a/ul+":{"chainKey":{"counter":0},"chainType":2,"messageKeys":{}},"BaahM2eN5th3jfrSf0DVfSJ322aLmnKevXGjDM3NOPhc":{"chainKey":{"counter":0},"chainType":2,"messageKeys":{}},"BUgQauXHIWI+9WygYtqI6TZdPtlWfPCF+MRdgkZKvTcc":{"chainKey":{"counter":0},"chainType":2,"messageKeys":{}},"BRODhzbS4hT8vWKzQPQ6Q31BqPLQT++/YUieYWU43fIX":{"chainKey":{"counter":0},"chainType":2,"messageKeys":{}},"BVa+Wh3CrjQbp69bjf/k8lKjegKKLXyAV5PdxC58dGdK":{"chainKey":{"counter":0},"chainType":2,"messageKeys":{}},"BQB+RYvlRg+wKzi+VaL4Qa9HyoLWjtcywVrxBrflBPlp":{"chainKey":{"counter":0},"chainType":2,"messageKeys":{}},"BbY+Gmg0hLCqwFHPMcxntv78It2NsiMN+qRyH6PL9Xk/":{"chainKey":{"counter":0},"chainType":2,"messageKeys":{}},"BaRzsa9PooOJwfjoc6+BWmj4qlVeOhXLz0rkgiAVyMNE":{"chainKey":{"counter":0},"chainType":2,"messageKeys":{}},"BQ35aSENHrT5KbO7ohvOPdrJDh8PgQOz5un4uhWRXu1g":{"chainKey":{"counter":0},"chainType":2,"messageKeys":{}},"BbF6qRPJLhQQhgASpC6o5kY+/hOsBrcHfsmbJKac6wVu":{"chainKey":{"counter":0},"chainType":2,"messageKeys":{}},"BT5IAwvAlp5GKT3EpIl013JAbVFr+XYCENER1jguTIls":{"chainKey":{"counter":0},"chainType":2,"messageKeys":{}},"Bc6+4YcBUrSeD6Bp3KrscIPrvUTi9LeqHexUt88g4cor":{"chainKey":{"counter":0},"chainType":2,"messageKeys":{}},"BWrR+1yJiUSzaKkuJ6b8sKwpzDTNsR7xT+PfyVxqFYxO":{"chainKey":{"counter":0},"chainType":2,"messageKeys":{}},"BRxmUwzBupvLYxGXMKiSEaK7+UEYWSMdwBYU10y+UV94":{"chainKey":{"counter":0},"chainType":2,"messageKeys":{}},"BfGhzWPtIx3X7w4a/yW+b+qZSrOki9at25275GHwzvRa":{"chainKey":{"counter":0},"chainType":2,"messageKeys":{}},"BZs59xkt262dCMzGfRpj+wg4HPwHNfajYNW4+ius4P8F":{"chainKey":{"counter":0},"chainType":2,"messageKeys":{}},"BdIPCIeh456ECdLc4TNKF83FGtg8tIFys0O/BYfylQgp":{"chainKey":{"counter":1},"chainType":2,"messageKeys":{}},"BYwCIQFyNJH63PLH3h6sJQPHjBtL0CI2V2/jVO1h6K1s":{"chainKey":{"counter":0},"chainType":2,"messageKeys":{}},"BVbcgo5m8gO/cBjZt/huuAnAgf1GyxiHiFrSw0x4zDoe":{"chainKey":{"counter":0},"chainType":2,"messageKeys":{}},"BZd6MAC8nsy91tiZFXol56jmOuN77X9be+prvTr4mTFX":{"chainKey":{"counter":0},"chainType":2,"messageKeys":{}},"BXoiBTet1QOu/xbJDRr6k50cng1JhG68C0ocAZycUr10":{"chainKey":{"counter":0},"chainType":2,"messageKeys":{}},"BcaR1gRydnyHQuEqwRAy2QwMj7nJPRnMJiGVrYAmuwRS":{"chainKey":{"counter":1},"chainType":2,"messageKeys":{}},"BU/W1WCgiSfsRs/MnxSm9IiJLLrUmf0gkW0pVhs3Q0c3":{"chainKey":{"counter":0},"chainType":2,"messageKeys":{}},"BbRrAB58TZ/F1mJcvlrx+DyYE78TT1kB8Z3tWPuAr3UU":{"chainKey":{"counter":0},"chainType":2,"messageKeys":{}},"BS4FoywmSKVAtjKLk+gr0iSQT6UYh2Fz/qJQCLwBAB84":{"chainKey":{"counter":0},"chainType":2,"messageKeys":{}},"BZHEJeflGX49qDOg4ph7szD6l8n6wG14/fCitBpPmdhm":{"chainKey":{"counter":0},"chainType":2,"messageKeys":{}},"BVlnTE4VoXeJikiRgXjZfAQhkyqudg/uMkS9XXQnEABS":{"chainKey":{"counter":0},"chainType":2,"messageKeys":{}},"Bds7i8536AoEdk3VLJIIXcN40bm6z/Pz5xdU77D4EpVA":{"chainKey":{"counter":0},"chainType":2,"messageKeys":{}},"BWURPYToPR5DjGOYBORBCROfU0V3wcVLizAw5p9wg8x1":{"chainKey":{"counter":0},"chainType":2,"messageKeys":{}},"BV212SqvJB3XCbM6JPeAP94RbkOjEIIpdvZeoykoCcNh":{"chainKey":{"counter":0},"chainType":2,"messageKeys":{}},"BZqP8La4pJ/nL1IRnS2P2SbZntX8pfbpI/snYiIwV8gV":{"chainKey":{"counter":0},"chainType":2,"messageKeys":{}},"BcEFZvjvsZVSrVF+TvYn16KK1u1xfDeJXAiSe5APKkw5":{"chainKey":{"counter":0},"chainType":2,"messageKeys":{}},"BZDAsEKnXUNb3PZow7bz8Ur3D555XZHreJ8EJ8cbmPJh":{"chainKey":{"counter":0},"chainType":2,"messageKeys":{}},"BUWPXx1dd+fhLnomj1GF3cUx17NmbJ9ceQIdXlMn6KM+":{"chainKey":{"counter":0},"chainType":2,"messageKeys":{}},"BXdRdw/HRmksgKN9m1+KbGxXfLc1GocnxJbNKQ5on+gr":{"chainKey":{"counter":0},"chainType":2,"messageKeys":{}},"BSMg24bMqqKY04iEQcK5/qCOi7C4bia79VdUeo3tAAQB":{"chainKey":{"counter":0},"chainType":2,"messageKeys":{}},"BYtx02DvOdOEqrAAcNhW06nR3KtEwvDJV1aJs/ewdhR9":{"chainKey":{"counter":4,"key":"87uoVtpZNNaIPXv1WQTLHU8eS/8w/AaAFVIaTJBVBAg="},"chainType":2,"messageKeys":{"1":"TH7kifDSbgSJcbmc1MkkPcE9Blfm6z/wRhlA/6zkhys=","2":"o2isPl7GxwidrkQplm1Furk/4WQziP2M7vEvx40n9wA=","3":"zNyzn1G+32pV46UFQNMvCCnYq0kIC9xvB1VXnMqNhO0="}},"BR+SVclOhayyeUVIjbGp+45ni52tt140Ue6zpoZ7nWQt":{"chainKey":{"counter":0,"key":"vBlW96+WKH6YlWpUkAENKriC0LlpYv3K//HvMrtc+ng="},"chainType":1,"messageKeys":{}}}},"BUg3PUy7uzxbC6Ve/y0AYd10/6ec6/b8IDncY5Se5OYo":{"registrationId":1381315359,"currentRatchet":{"ephemeralKeyPair":{"pubKey":"BS/xtbIOv/0q8dL+0RqCOWsFe53FJVEhF50eReLduudx","privKey":"sHi0vvq3rMFxQPWeg2xdHjD5B+q6CwiRHAMGDuJvhHA="},"lastRemoteEphemeralKey":"BazQGxrxTsZHpZSp2EhmINQkmLZTVdJndxYSVnXKLiA1","previousCounter":0,"rootKey":"IWqrRO60wc5/opjbzlZLEEVN51+CO1Z8op4iYWJHXwU="},"indexInfo":{"baseKey":"BUg3PUy7uzxbC6Ve/y0AYd10/6ec6/b8IDncY5Se5OYo","baseKeyType":2,"closed":-1,"used":1676211102403,"created":1676110367465,"remoteIdentityKey":"BWr7r+aWUb4o6AkhIvZibKESBJxBnpqTPm7PaoIFTdMf"},"_chains":{"BczAHs15J8pr3UiggjDqzM7HebuDwRpfZI4duKvdjeg3":{"chainKey":{"counter":0},"chainType":2,"messageKeys":{}},"Be7TfW514QKAoRXTyLZN7Ue7sTu/T/nYR6uEzvBriGMF":{"chainKey":{"counter":0},"chainType":2,"messageKeys":{}},"BVYCoonZxuWjtpfk3eDhTzJXgAfXOCLBW9VKjB9vC3MF":{"chainKey":{"counter":1},"chainType":2,"messageKeys":{}},"BazX1pn3m3dedfcuWOSqiaiZgNKvhUqICZJFIy2wptUK":{"chainKey":{"counter":0},"chainType":2,"messageKeys":{}},"BXeQ2wIh5eXNqV03A8ZqJGwpQBG9VWpMJkcWr6hXNHBo":{"chainKey":{"counter":0},"chainType":2,"messageKeys":{}},"BUy9h2IHYQpdfCG67sbQfefJrQMpZ+5/idq2KjjtTzBZ":{"chainKey":{"counter":0},"chainType":2,"messageKeys":{}},"BWM4eALe+tY3RgyBL7bvO+jRnOgDB3be3EuoJNUOxE4R":{"chainKey":{"counter":1},"chainType":2,"messageKeys":{}},"BUwKmJ8+0usZKDswmzI7Yhf05JuGjTaHG2ZHq8MwTgpX":{"chainKey":{"counter":0},"chainType":2,"messageKeys":{}},"BVKMGckIbb4h0WO0NjrqywyTHYLfjLF3cBLtEg8/lOBL":{"chainKey":{"counter":0},"chainType":2,"messageKeys":{}},"BYLZ+Z+RxNgLyXONanhug2bYKWAm35w3vZLvEexyfRgg":{"chainKey":{"counter":0},"chainType":2,"messageKeys":{}},"BRnJ+mHbM3o+/rtsq1V2PO/yzfYgW+lfLByU8LOkryo0":{"chainKey":{"counter":0},"chainType":2,"messageKeys":{}},"BXjnfvkNklMQRUgWOGI5mK5dHdvBE0gV8QduOa36GrUO":{"chainKey":{"counter":0},"chainType":2,"messageKeys":{}},"BRgWwtp3gMP1YJ91vpaQgHvcagRONTd8kFY1wntPhuga":{"chainKey":{"counter":0},"chainType":2,"messageKeys":{}},"BQTpKl9kz0T9mfWxWY8g2ifIAjIpzY6yJC3GYtvN7YwL":{"chainKey":{"counter":0},"chainType":2,"messageKeys":{}},"BVouNz3WzvFKCOVK13FgoEZbHJOe+4LChaqfRP9kVcVT":{"chainKey":{"counter":0},"chainType":2,"messageKeys":{}},"BQAxlW42lTCieX80GXvkX6oDqU2AYhXnyG1nVY9K1mcj":{"chainKey":{"counter":0},"chainType":2,"messageKeys":{}},"BQ0z96q2NEK6uLQOoAk2ehkn7DeKkpp8/oI84XYGTIo+":{"chainKey":{"counter":0},"chainType":2,"messageKeys":{}},"BZ8O2Z1iuddov+LMbPaXxsmcuf2SNPQ97JFSjatvWyYf":{"chainKey":{"counter":0},"chainType":2,"messageKeys":{}},"BVsiEoJJHuTHu/Kceu7sj6J+RNYaIOd1C+Ut5tCA+bsM":{"chainKey":{"counter":0},"chainType":2,"messageKeys":{}},"BR0QmXILRWazR9De4QgmKbEhVy2c0gpsWL3Loa4VoBR0":{"chainKey":{"counter":0},"chainType":2,"messageKeys":{}},"BS0spDMH/c6UazGxvP9q5EnuXvOypvDKshKRmvjBAwNr":{"chainKey":{"counter":0},"chainType":2,"messageKeys":{}},"BVhLeH7IRMbS6c3fXNtt9VHQPdSzpx3RufTd39QKvisq":{"chainKey":{"counter":0},"chainType":2,"messageKeys":{}},"BSMatPkF/B+t67Me8gSY4qUko2Sy1m5t99PCqKZE8Sh6":{"chainKey":{"counter":0},"chainType":2,"messageKeys":{}},"BRturU6l5UHr7OS2DjRPkaUQD8amJW9N/JFY5bSZbbos":{"chainKey":{"counter":0},"chainType":2,"messageKeys":{}},"BQ3PK1087P5orhCVUWDFdcAw6nH4U+71RJPQeq++i2Rd":{"chainKey":{"counter":0},"chainType":2,"messageKeys":{}},"BRkPGP/b0A7Ge+Z9btw4XxA0L/17pE5ea+34mpx1WVNg":{"chainKey":{"counter":0},"chainType":2,"messageKeys":{}},"BZVBINDhJPHaOXxkOXFRYdFcvWqt3cvp5ncgJjDqtPpG":{"chainKey":{"counter":0},"chainType":2,"messageKeys":{}},"BfzZpc7X1ZzERAKXwl3Ecd2GFtNyUUzqp9E+ZCvz6dAD":{"chainKey":{"counter":0},"chainType":2,"messageKeys":{}},"BS5IijS/kHaBkF/5LmVa+OnFhkveEw3jDF7K/tuhbgdT":{"chainKey":{"counter":0},"chainType":2,"messageKeys":{}},"BVBbc/Wuuom+pMwmxpN8a1ooU3LIeVdxYPgC3b1vQWxy":{"chainKey":{"counter":0},"chainType":2,"messageKeys":{}},"BVcEHvtEC/Dy7T8p+4W3Qy3vJ9DS4jDpcWgd1DE6Edld":{"chainKey":{"counter":0},"chainType":2,"messageKeys":{}},"BfyxMIvPwKqLFehgwpYcwTIDSi3lTyJlBZhTb26J8YBu":{"chainKey":{"counter":0},"chainType":2,"messageKeys":{}},"BSEbnHtFsLw/HonGP1kQgJbxA3svoWaFydHvA3hIVNQ+":{"chainKey":{"counter":0},"chainType":2,"messageKeys":{}},"BTqPdbvLpG7CJNnGU6zHGxPRK26ha7LaSqXWGmDuvfAz":{"chainKey":{"counter":0},"chainType":2,"messageKeys":{}},"BfiAfATTBBhqVFwmEn4gLqnV5dRvCPjjAJJQOXADUlAc":{"chainKey":{"counter":0},"chainType":2,"messageKeys":{}},"BQZP+jsIdtCMVQAwu0JAsv7J6qke7ehNU+P0XvzY5GBA":{"chainKey":{"counter":0},"chainType":2,"messageKeys":{}},"Bd26iDPx6CjZnfBxocISlZar/lCRxHeoyC0ml/7+V3h3":{"chainKey":{"counter":0},"chainType":2,"messageKeys":{}},"BaxG4AY64xpCzkqcbG9aDUVhEpKUT0EXHu+n50i3HxRq":{"chainKey":{"counter":0},"chainType":2,"messageKeys":{}},"BbApU8nQjaHx3LzNag9vwxGH78U3j8XpY2Ou3YFi5e5j":{"chainKey":{"counter":0},"chainType":2,"messageKeys":{}},"Bd42oLGqUXqAftUeCtREBOMuYi3F4GNDCzdlbJynlLYG":{"chainKey":{"counter":0},"chainType":2,"messageKeys":{}},"BcooxbsT/9r1A4YlmfLmI644sI2H8WAJV0X34HkRdb0H":{"chainKey":{"counter":0},"chainType":2,"messageKeys":{}},"BS11RLAEAwq9VG/mYCXHwVk7SGZedMSjheAq8hEhhRQ8":{"chainKey":{"counter":0},"chainType":2,"messageKeys":{}},"BSyyn/AIkvDSUDeOV25cka8ac4tWYXCj6Jq7JEPbY5Bg":{"chainKey":{"counter":0},"chainType":2,"messageKeys":{}},"BQwb0LPBY/JOjMvlSlMUtQA5bfLLN6Jfml0UwBLfhDZP":{"chainKey":{"counter":0},"chainType":2,"messageKeys":{}},"BU9+kMz9+T9/zNYW7ch7z4575lYunQzZIMyjOwRtd48m":{"chainKey":{"counter":0},"chainType":2,"messageKeys":{}},"BYkXYOV0p64+5Q2dyZmWpf26AJwCnHxpNjhp03Rg4eAC":{"chainKey":{"counter":0},"chainType":2,"messageKeys":{}},"BXGX32JNpk0Fr3nRBESiJIiroKLndSuq6odijgSdHPlk":{"chainKey":{"counter":0},"chainType":2,"messageKeys":{}},"BZTMxH2v9uFmhn3GlS6Sn1HerjruwfQ7Hgrwai4zZ9tH":{"chainKey":{"counter":0},"chainType":2,"messageKeys":{}},"BbViXKfPC2ShblvJnPHzKlIwJE8JlUhAl5ebrSIQ+3Ne":{"chainKey":{"counter":1},"chainType":2,"messageKeys":{}},"BasFd5cajT+tDzIUmgHcd4oKCoj4XxvszjrwXJTYiCt6":{"chainKey":{"counter":0},"chainType":2,"messageKeys":{}},"BdHAWOa9tdig5yMH1hpeFbGU8HXMcRx1Sc6zdd/4byQU":{"chainKey":{"counter":0},"chainType":2,"messageKeys":{}},"BThGOUyh1mZWJ6g0DYEwQ64+UVd4iwt61yi2BHTHwOQC":{"chainKey":{"counter":0},"chainType":2,"messageKeys":{}},"Bc0rRqOFt29IVUuo891dYUmP3MdZ6BlT6IUwG+9daa5A":{"chainKey":{"counter":0},"chainType":2,"messageKeys":{}},"BZg94uMtoaRguFAlS3rxdYLYGFcAcLTKSaTX5zv3JidZ":{"chainKey":{"counter":0},"chainType":2,"messageKeys":{}},"BQem7ZZF2qkRstIb5nSxoMfMQlp4Ih12za+1vsZJTTdT":{"chainKey":{"counter":0},"chainType":2,"messageKeys":{}},"BTY6Nr4k6b4Ptr8nBiQYtUIjDgrXFa/TYefNHLKOhDs0":{"chainKey":{"counter":0},"chainType":2,"messageKeys":{}},"BRQ3hjxuXBQcVOSedl7O4J7yBAfORBIjyBfra1d6ab85":{"chainKey":{"counter":0},"chainType":2,"messageKeys":{}},"BTVqha+G08u3poY2CFr0SFx1/l0i56v2PQR13Vo3Hixm":{"chainKey":{"counter":0},"chainType":2,"messageKeys":{}},"BYMtkYqQYjgOQTekQrMV7QA9UX/WyW16QiGWwd/7XHMK":{"chainKey":{"counter":0},"chainType":2,"messageKeys":{}},"BUnKqyLWyGsGdWICaJfjklppSK5mw6lM0fIQPNMj7tV6":{"chainKey":{"counter":0},"chainType":2,"messageKeys":{}},"BbG1v1kjvEiHNjfKBKAMDnLJ/tqc5Y6CrwCD1xZvkjlZ":{"chainKey":{"counter":1},"chainType":2,"messageKeys":{}},"BQBWKuZfzyJGFhTlzX9nJbDRrxdZu5J/JkeDm7Yv85k4":{"chainKey":{"counter":0},"chainType":2,"messageKeys":{}},"BSztY3bOmHwU5iXmSlhB19DlYIr0Mlo87QiCSPj/k91m":{"chainKey":{"counter":0},"chainType":2,"messageKeys":{}},"BdmVfMSh0lag/H+wvW+Kmwl0laemI4ZYt51ofUjPiGU/":{"chainKey":{"counter":0},"chainType":2,"messageKeys":{}},"BQU2e7H8L2HHSr9x+IMcF8aSikIUJ+9w1y4LPti0Q3g2":{"chainKey":{"counter":0},"chainType":2,"messageKeys":{}},"BXvFOoKOXJumwExv9iFGnVzg7Ufp1K8Fjy8JRTYxPU9p":{"chainKey":{"counter":0},"chainType":2,"messageKeys":{}},"BcIQgxYyujedpX9gv9NIPgGtLScxvwS0b276n77GZUwv":{"chainKey":{"counter":0},"chainType":2,"messageKeys":{}},"BZM6xdkIpwRC00LChUFYWxiAS4eHBK25zVqdwToH7O8y":{"chainKey":{"counter":1},"chainType":2,"messageKeys":{}},"BZKvAOQYiR3SttqbynrLmjbuszx7daI8rIRyp+tlsLx4":{"chainKey":{"counter":0},"chainType":2,"messageKeys":{}},"BSvriTCm0J+aXxtPqFXtEnjESGq4+BJviWS1egeXkLEV":{"chainKey":{"counter":0},"chainType":2,"messageKeys":{}},"Bd2kvKXcvCGb4jWPIL13obcRA642G8eW/4U6n/mAXEta":{"chainKey":{"counter":0},"chainType":2,"messageKeys":{}},"BazQGxrxTsZHpZSp2EhmINQkmLZTVdJndxYSVnXKLiA1":{"chainKey":{"counter":0,"key":"qDIgqzfBc8b8aWjftXfq5U6f5O0KlMXbkAHNLTaEyf4="},"chainType":2,"messageKeys":{}},"BS/xtbIOv/0q8dL+0RqCOWsFe53FJVEhF50eReLduudx":{"chainKey":{"counter":0,"key":"TrXjckw7zFRUNmHP4s9EySC470H/ZLOvDtcVdV1K998="},"chainType":1,"messageKeys":{}}}}},"version":"v1"}