{"_sessions":{"Bcbmn0DIoHk02HLw6bP9xWGMUq8zJlXqvjdapl7JoSsO":{"registrationId":233,"currentRatchet":{"ephemeralKeyPair":{"pubKey":"BQZE9lp83VtlWcCt08ozYcK+nF8aXZAbE4/H/UfUJKx3","privKey":"EA0WVyO2EBxwT8rZj3t+oqg0ZesU4Pf9xzJbz0rGVFE="},"lastRemoteEphemeralKey":"Bftankc5hGsjGkMi97uujMQ9N3TWSSjYgUzpz1xXwFx0","previousCounter":0,"rootKey":"McQ33caeb1vW2HbL5uejvcUAbaeT9QjxtPfN66gJ71s="},"indexInfo":{"baseKey":"Bcbmn0DIoHk02HLw6bP9xWGMUq8zJlXqvjdapl7JoSsO","baseKeyType":1,"closed":-1,"used":1676038162540,"created":1676038162540,"remoteIdentityKey":"BZrvMnuf7BWDSVBN5xwGjYT0U9V/x82iTyrKSxI48UYl"},"_chains":{"BQZE9lp83VtlWcCt08ozYcK+nF8aXZAbE4/H/UfUJKx3":{"chainKey":{"counter":193,"key":"+Eo84ObXGb5zqILV/z8O3eN/hB5heb6UQ3H0zZTDP0Q="},"chainType":1,"messageKeys":{}}},"pendingPreKey":{"signedKeyId":1,"baseKey":"Bcbmn0DIoHk02HLw6bP9xWGMUq8zJlXqvjdapl7JoSsO","preKeyId":1}}},"version":"v1"}