{"version":1,"hash":{"type":"Buffer","data":"/AuRkcyLc+bJlsW9dHU54aK4hhhlM15mPuwNvSsw7UpVRVzyaGNXZj8dXXW6i8s+Y+VZa3qOiFK0L4wMJZtxkzoHpaw2A+2CFFrIvsHm4byWWYdoFt4RPnkfIipy8KNYaEbPqLgh54daatu/wkNirzM0cSocyPV2TGs7QsMuxZo="},"indexValueMap":{"Q5Ue4CxiNVAUUBwFO9/7IiiYviWXwZh0vFlAuarHo1c=":{"valueMac":{"type":"Buffer","data":"LNB86UaAQ20zEUyAWSdMvMmAVjfLlY7B5i1ffbZ/A7o="}},"ygZcXUJBVi+Krd1ZfAozo6KsRBiM++b7FTmS4+fctPs=":{"valueMac":{"type":"Buffer","data":"HJXQezSteGbyYB2UT62hd3zCOd7sGioN/3GYJB3vxeg="}},"X/uLrGwgAPZDtP8fcV5s4KZocCs3uUEYtXkXoXyzLgY=":{"valueMac":{"type":"Buffer","data":"1jUREspWMxKniDRKR4eo7df9Mf4hb4o+x9DrA9yEMOg="}},"STzi2Ug3QzpO11DZpN0DL/UbBwomHYcZKyirNwRmgLI=":{"valueMac":{"type":"Buffer","data":"Rlwx9I5Lnza3WUArPYHaRaCDarCTomYurfsvXa+dULw="}}}}