{"version":4,"hash":{"type":"Buffer","data":"cgt1uY1poCPbI7K1w41tyO3iXyG0Z7yNK9+xQmKpeuzzJ0E9gGtqzJquVqGEdU2FkIcMIVVj1eQqmFdiR6IeF0fEWxhYKiQV520FcPgtOCNl0PcgJZNnAJ9s2AhFzdIEsM2I/usw6QAvWuhQxv3tpEQ4giGh9qfSc9k/xrh7W+c="},"indexValueMap":{"N/+bR28GZw8CU8Y+CXqJ+BvL5aBSgpu/1vA2CsRM+HE=":{"valueMac":{"type":"Buffer","data":"rgO2B/8ZHLZ9I8G4N46wLs14PX8qJV7ErF87C6+oABg="}},"STzi2Ug3QzpO11DZpN0DL/UbBwomHYcZKyirNwRmgLI=":{"valueMac":{"type":"Buffer","data":"Rlwx9I5Lnza3WUArPYHaRaCDarCTomYurfsvXa+dULw="}},"X/uLrGwgAPZDtP8fcV5s4KZocCs3uUEYtXkXoXyzLgY=":{"valueMac":{"type":"Buffer","data":"1jUREspWMxKniDRKR4eo7df9Mf4hb4o+x9DrA9yEMOg="}},"gCBwVJIKcQnJa+pxmwZP+cJWWjWYaAe9n3Awjv/efgg=":{"valueMac":{"type":"Buffer","data":"bnPYR9YAC4Qlny59Xp+iQRKHbWIuNEhelwb/bQptj7Q="}},"wX5ADU1THEd6yoYK+flrAckS8qtQV9NWfS7kOm88TPk=":{"valueMac":{"type":"Buffer","data":"ORwnUdT+BQi+hnbeaGehbRLEwWesn2+kTinJzBPph0o="}}}}