{"version":5,"hash":{"type":"Buffer","data":"qLHtcP449FevaATelgtazrta54vineOzSdz4luSHsC5kiu59SNsAGKdmsHp/wU6HaA7ntNI39t8h3KD6H6MFo30OwBUPQi9d1pP90ta+r66TUveeP1qsHmocNqp9f1QzdJpnmdhb6CPBztH4lsKgF9cFexk32Nt/36KGb5/dBgM="},"indexValueMap":{"OyPffZ5ngg1+wla6Itpo2GLQ8XcNKMlcXTlV22Eve+U=":{"valueMac":{"type":"Buffer","data":"+HFTQq4y23iEt/ASNvsyDoJAlzhxG8uuqAWGBs811Rg="}},"sLzgsUBhkgExIMkqR9c94X7oI7y5H8i+td75pJSTDgc=":{"valueMac":{"type":"Buffer","data":"FbGxjmcg5thwL5MQxnKGdrEqc3m6mXcclKMeWtXv0l0="}}}}