{"noiseKey":{"private":{"type":"Buffer","data":"2EHoF0V8qEuaEgmSz3qiCcMgO/a2dx9kSTA3dOFAJlA="},"public":{"type":"Buffer","data":"PqL1e+BK39rR34Wog/1t4nYXRJzSDYPDVOVG2/0oRmM="}},"signedIdentityKey":{"private":{"type":"Buffer","data":"KA6vHqf2pAy3prA8uw+aX3YtA3eV19jVdlZowlx3ZHY="},"public":{"type":"Buffer","data":"dm/daeh2SMmbhqKpB+9Ble7CQ2wkc6sOm9YPIqGkIiM="}},"signedPreKey":{"keyPair":{"private":{"type":"Buffer","data":"yI4D/xtJHHrL5BlFEHOrnzCIoq9dyz5xmnQJ3Efh3G4="},"public":{"type":"Buffer","data":"IYODwn/l2wQphWMVWYCqEOCPpHdLSomvHsdOpAFyYhM="}},"signature":{"type":"Buffer","data":"+CZbfL2tn3q0eOSXVGe1lmaJ7zhFBDTCNLcIj6oU1aRKRbD8oaelGIFO7oGaSWInR9gM2f9t3FwYT9cQexvxCg=="},"keyId":1},"registrationId":180,"advSecretKey":"HWso55DvbswHqX4y2wkNp95KjluMoJ2rI/74nNcxViE=","processedHistoryMessages":[{"key":{"remoteJid":"6285837526640@s.whatsapp.net","fromMe":true,"id":"9AE186E081AF32681D274BCF2563EDE3"},"messageTimestamp":1676466489},{"key":{"remoteJid":"6285837526640@s.whatsapp.net","fromMe":true,"id":"02393CFD568610F4A1E077C0A68091A1"},"messageTimestamp":1676466489},{"key":{"remoteJid":"6285837526640@s.whatsapp.net","fromMe":true,"id":"CF72BF8AD924F3A7A89B34A8DD856D30"},"messageTimestamp":1676466494},{"key":{"remoteJid":"6285837526640@s.whatsapp.net","fromMe":true,"id":"7D6E957DA9B3EB80051888EC94C42076"},"messageTimestamp":1676466494}],"nextPreKeyId":31,"firstUnuploadedPreKeyId":31,"accountSyncCounter":1,"accountSettings":{"unarchiveChats":false},"account":{"details":"CIurydgCELSys58GGAc=","accountSignatureKey":"DcCJswzYD+GSc19XMhJCyCR4m1ne7gXEF0zb5SGAyCs=","accountSignature":"9IMx6ui7l70KUxNOceb2ogWDdnXTm/Eux9LJbAHQkMwp0uGg56EQVrrVXot9aUT7iJgh3z/63AhFn40Bo0Q4DQ==","deviceSignature":"MrmBBVbBVMuisycqy6XDNwPOeGhghUCX9u87hOLU6p5jSNH4G3atfycBnUdz5sZFWTN13WbWcS8KTg/2gQP8Dg=="},"me":{"id":"6285837526640:7@s.whatsapp.net","name":"OpenAi WhatsApp"},"signalIdentities":[{"identifier":{"name":"6285837526640:7@s.whatsapp.net","deviceId":0},"identifierKey":{"type":"Buffer","data":"BQ3AibMM2A/hknNfVzISQsgkeJtZ3u4FxBdM2+UhgMgr"}}],"platform":"android","lastAccountSyncTimestamp":1676466997,"myAppStateKeyId":"AAAAACZt"}