{"_sessions":{"Bc4ehK9kyJSwT58HVB+3hCsL3Y8SGJVaChFgdhMtPWIk":{"registrationId":106,"currentRatchet":{"ephemeralKeyPair":{"pubKey":"BRoOEkgcAfgILSS4YfJQVVZg+FaePS2wWebq3L6+Z0wf","privKey":"qOQXV/3aR+GXL8kK8nRJV8h3L2L9fqSlkHKKyIDNdnk="},"lastRemoteEphemeralKey":"BWvVNvigOhdeEFCZD6izNRvDzq1JC/Hhu6wh+y++ZKBM","previousCounter":0,"rootKey":"FhxAgEiWtIdwgakv5cfOqW/Rn8VaGwLiYsxysWemKzE="},"indexInfo":{"baseKey":"Bc4ehK9kyJSwT58HVB+3hCsL3Y8SGJVaChFgdhMtPWIk","baseKeyType":1,"closed":-1,"used":1676466506447,"created":1676466506447,"remoteIdentityKey":"BfJZO+BATgpKKqaigXXwOce+NMQCKeQrIgBKPg41aH0N"},"_chains":{"BRoOEkgcAfgILSS4YfJQVVZg+FaePS2wWebq3L6+Z0wf":{"chainKey":{"counter":8,"key":"imCixSYcbz/aDloL7bZ72nPSMF1tJMXHQx8c2UdoWuY="},"chainType":1,"messageKeys":{}}},"pendingPreKey":{"signedKeyId":1,"baseKey":"Bc4ehK9kyJSwT58HVB+3hCsL3Y8SGJVaChFgdhMtPWIk","preKeyId":24}}},"version":"v1"}