{"_sessions":{"BTXH7zqTXNztozQhmU1dNcfJIdH8PqLEgwkrMGKSuBIm":{"registrationId":1381315359,"currentRatchet":{"ephemeralKeyPair":{"pubKey":"BTy/Sdm97B61K6WyjUgNImVzIph0k2rPfV4Jrjw+4FFu","privKey":"kDWdsgTMxF8AC6miPXYRLw/dk03QehYuanShR7VDyVM="},"lastRemoteEphemeralKey":"BZEEBlm2IKJu/FIjZosWl92QDo2Ln+biP1hO63teJRRm","previousCounter":0,"rootKey":"Bw6esiiKv9gu57t2D1wzjimo8sDv+g67IjFHXG13zlo="},"indexInfo":{"baseKey":"BTXH7zqTXNztozQhmU1dNcfJIdH8PqLEgwkrMGKSuBIm","baseKeyType":2,"closed":-1,"used":1676467350778,"created":1676466499803,"remoteIdentityKey":"BWr7r+aWUb4o6AkhIvZibKESBJxBnpqTPm7PaoIFTdMf"},"_chains":{"BSp221YykdufOkvYGdCSaRqxBgvEDCZb/Xk29CxasLZ6":{"chainKey":{"counter":0},"chainType":2,"messageKeys":{}},"BfyXo+rfv87rtbUJQKxXCZsAk5u8qOjdljhjSXa9MCR5":{"chainKey":{"counter":0},"chainType":2,"messageKeys":{}},"BUYeSfjtnLcXeLX7POgLaEcOehaIpr352BOw6r8wAXxM":{"chainKey":{"counter":0},"chainType":2,"messageKeys":{}},"BbXZWU7ALRPMR5upvCwpyiBFGDwV7swvvePJNEkmxdRh":{"chainKey":{"counter":0},"chainType":2,"messageKeys":{}},"BZcaf4jDsLPaMHOiwLn8JoctOuNok92ccijdvUqZFM5W":{"chainKey":{"counter":0},"chainType":2,"messageKeys":{}},"BQVamzOfHm9dUJ/dJJc/tFWCLwGS8l+8IAXWa45dHBoR":{"chainKey":{"counter":0},"chainType":2,"messageKeys":{}},"BUHECHWRgM0vGpf3XpH8r1xRr6ji0p77Nwn3gSeLL1o3":{"chainKey":{"counter":0},"chainType":2,"messageKeys":{}},"BZEEBlm2IKJu/FIjZosWl92QDo2Ln+biP1hO63teJRRm":{"chainKey":{"counter":2,"key":"nXtSzvYXyjBwAsuShVFSTkxl+BDBg3+/YG07+rPh+Q0="},"chainType":2,"messageKeys":{}},"BTy/Sdm97B61K6WyjUgNImVzIph0k2rPfV4Jrjw+4FFu":{"chainKey":{"counter":1,"key":"03CAW79PkOfcXOWlCbB64QTFpnj1XrUbq2kytnJk6ew="},"chainType":1,"messageKeys":{}}}}},"version":"v1"}