{"_sessions":{"BdZTs2bbsIFgkTtId+hFz4F9OjqUUM6DRDMteyFQIAhJ":{"registrationId":212,"currentRatchet":{"ephemeralKeyPair":{"pubKey":"BWbJiEYTgghxae7HAakLCIs2wViHXqaIOIXm0+YsODcD","privKey":"GKN5EyWK7a8sahV1LlUz51iHURT9scJTFPVrnv+tgHA="},"lastRemoteEphemeralKey":"BZJ2/3vNRVh3oV1Z2Extn2BnosMVNlClo5uPCCFdKw9+","previousCounter":0,"rootKey":"+rg5DsboPFWHbLBQvZ5wArg25rkues+c0a3hmu0qiCM="},"indexInfo":{"baseKey":"BdZTs2bbsIFgkTtId+hFz4F9OjqUUM6DRDMteyFQIAhJ","baseKeyType":1,"closed":-1,"used":1676466506472,"created":1676466506472,"remoteIdentityKey":"BeayYuNnljiEYELXAN+wZYX4cQ100aXBU8u+2qBLQPUw"},"_chains":{"BWbJiEYTgghxae7HAakLCIs2wViHXqaIOIXm0+YsODcD":{"chainKey":{"counter":8,"key":"XsBW5sPFgvLApZc0mJcr9CHEnaGnKPRgHUjnrk7tq3o="},"chainType":1,"messageKeys":{}}},"pendingPreKey":{"signedKeyId":1,"baseKey":"BdZTs2bbsIFgkTtId+hFz4F9OjqUUM6DRDMteyFQIAhJ","preKeyId":24}}},"version":"v1"}