{"_sessions":{"BZov61j8EWgpwpWRqNp9yoXCiGKM2fEADJNAtmyr01hN":{"registrationId":2120189575,"currentRatchet":{"ephemeralKeyPair":{"pubKey":"BYChtBWeXJt8pSGni54WDz+yf/bC5hj1D25xn3m94jVR","privKey":"IHJYj+fhEyGxf/qxr46zTdRO/uun8xFRC9rICA2vx0s="},"lastRemoteEphemeralKey":"BTUF+Sa0K9gbCJ2NlEW4Gq90GB5A1x4H3u+pHz8RZcNg","previousCounter":0,"rootKey":"u8AG12rfrkDX4QNu3V5+RQcEbY7c0UXNlkIRK//woN4="},"indexInfo":{"baseKey":"BZov61j8EWgpwpWRqNp9yoXCiGKM2fEADJNAtmyr01hN","baseKeyType":2,"closed":-1,"used":1676466489113,"created":1676466489113,"remoteIdentityKey":"BQ3AibMM2A/hknNfVzISQsgkeJtZ3u4FxBdM2+UhgMgr"},"_chains":{"BTUF+Sa0K9gbCJ2NlEW4Gq90GB5A1x4H3u+pHz8RZcNg":{"chainKey":{"counter":7,"key":"IPyScIq98BRCvOw0U+lin/Wz8ZyRNjJbDmp1RYhFErs="},"chainType":2,"messageKeys":{}},"BYChtBWeXJt8pSGni54WDz+yf/bC5hj1D25xn3m94jVR":{"chainKey":{"counter":8,"key":"zqHn1m7IkDZFFTdmd2/NaLk9LF69iuhh+9Zvdb4c+DI="},"chainType":1,"messageKeys":{}}}}},"version":"v1"}