{"_sessions":{"Bfbl9a1pZvJiEUYESuY2P9MatyMOu6DKXgPZ3+Dx64wQ":{"registrationId":2,"currentRatchet":{"ephemeralKeyPair":{"pubKey":"BetMJIUPoRwVWJq/O6pdvCEzme8wWde4F/NXPS2jMf8L","privKey":"SN1WlX0wp5BPnJpSTHLWNaycPHzfYX4Qe5W4InXWDlc="},"lastRemoteEphemeralKey":"BaRpVN+0YU0s39Wbic3+kbUG7jE7ZDvUhlpfOfCgs/Bs","previousCounter":0,"rootKey":"85/WQa0rY+XzY56UmqpAQw3LjkWtaOMnQ4V8xnJ5/6Q="},"indexInfo":{"baseKey":"Bfbl9a1pZvJiEUYESuY2P9MatyMOu6DKXgPZ3+Dx64wQ","baseKeyType":1,"closed":1676466507460,"used":1676466506413,"created":1676466506413,"remoteIdentityKey":"BewalVVP0q6xdOAHDCxnMD+rkF2nK5IAXUq1XfJIcioq"},"_chains":{"BetMJIUPoRwVWJq/O6pdvCEzme8wWde4F/NXPS2jMf8L":{"chainKey":{"counter":0,"key":"09eipIDYkMRX94NXgTFrlZXEuAbjTMyEN9tNsOx151g="},"chainType":1,"messageKeys":{}}},"pendingPreKey":{"signedKeyId":1,"baseKey":"Bfbl9a1pZvJiEUYESuY2P9MatyMOu6DKXgPZ3+Dx64wQ","preKeyId":55}},"BYxvC363tl+RLvPyddJfd45U1JDJGVCDg2qT2uK0ZT85":{"registrationId":2,"currentRatchet":{"ephemeralKeyPair":{"pubKey":"BVQH0bodVhakiGt4zVNe7nIQBQUO+k5GKe4VnERw8Hsw","privKey":"eCfikmItWSXEVn3SULIlj3UeLM8PTho+GkczDOmsl08="},"lastRemoteEphemeralKey":"BaRpVN+0YU0s39Wbic3+kbUG7jE7ZDvUhlpfOfCgs/Bs","previousCounter":0,"rootKey":"OXRML1r/Z+9TFEpMosTH9Sz5X/MKY6K9jTKytepX/Rk="},"indexInfo":{"baseKey":"BYxvC363tl+RLvPyddJfd45U1JDJGVCDg2qT2uK0ZT85","baseKeyType":1,"closed":1676466561377,"used":1676466507447,"created":1676466507447,"remoteIdentityKey":"BewalVVP0q6xdOAHDCxnMD+rkF2nK5IAXUq1XfJIcioq"},"_chains":{"BVQH0bodVhakiGt4zVNe7nIQBQUO+k5GKe4VnERw8Hsw":{"chainKey":{"counter":0,"key":"CB1RHkUrFktkXutK82NbpoA5DvIci8aSR/KLjx6Sb5U="},"chainType":1,"messageKeys":{}}},"pendingPreKey":{"signedKeyId":1,"baseKey":"BYxvC363tl+RLvPyddJfd45U1JDJGVCDg2qT2uK0ZT85","preKeyId":76}},"BS6GCz8/03BexMJCdrKIaCdjcMveo6RwMbDtOIxegJN9":{"registrationId":2,"currentRatchet":{"ephemeralKeyPair":{"pubKey":"BdOQJ/m38SGly0AA9XetPqtjn6mhWO2BhPTFtvOwxgRA","privKey":"oJ6WdRhW+fviTzbAV9xRgn3JcgqCmgB3bgKv4Efw2Ho="},"lastRemoteEphemeralKey":"BaRpVN+0YU0s39Wbic3+kbUG7jE7ZDvUhlpfOfCgs/Bs","previousCounter":0,"rootKey":"juu94gFPFFLEZel2miwjRXewZTpikndlTUjlyb7ZmD8="},"indexInfo":{"baseKey":"BS6GCz8/03BexMJCdrKIaCdjcMveo6RwMbDtOIxegJN9","baseKeyType":1,"closed":1676466693952,"used":1676466561368,"created":1676466561368,"remoteIdentityKey":"BewalVVP0q6xdOAHDCxnMD+rkF2nK5IAXUq1XfJIcioq"},"_chains":{"BdOQJ/m38SGly0AA9XetPqtjn6mhWO2BhPTFtvOwxgRA":{"chainKey":{"counter":0,"key":"xUjUgE0uSWWCjTwbhhJzl2zcynVcji0oL/jZ/EHqTCc="},"chainType":1,"messageKeys":{}}},"pendingPreKey":{"signedKeyId":1,"baseKey":"BS6GCz8/03BexMJCdrKIaCdjcMveo6RwMbDtOIxegJN9","preKeyId":54}},"BZVNXQiLXICyKD696jLLzoSffYlZdlNou4cJbhU0y/4A":{"registrationId":2,"currentRatchet":{"ephemeralKeyPair":{"pubKey":"BZDpU9n6/Pahh5DtFkLkBNckgOBgoiMNd5NOuFqz3mEB","privKey":"KNB7JkqLelzgWe+hA3Or7ATCdGdtYAhx87X5LmDbeWY="},"lastRemoteEphemeralKey":"BaRpVN+0YU0s39Wbic3+kbUG7jE7ZDvUhlpfOfCgs/Bs","previousCounter":0,"rootKey":"t46Nrn32+2vOWpu3uk2t8hpl7MH2edF+g8YOeh3xJV4="},"indexInfo":{"baseKey":"BZVNXQiLXICyKD696jLLzoSffYlZdlNou4cJbhU0y/4A","baseKeyType":1,"closed":1676466806127,"used":1676466693945,"created":1676466693945,"remoteIdentityKey":"BewalVVP0q6xdOAHDCxnMD+rkF2nK5IAXUq1XfJIcioq"},"_chains":{"BZDpU9n6/Pahh5DtFkLkBNckgOBgoiMNd5NOuFqz3mEB":{"chainKey":{"counter":0,"key":"Fp5Sip9x+2F4TUUZQQA86CwyAGWtF9vRW8bcoQctwPw="},"chainType":1,"messageKeys":{}}},"pendingPreKey":{"signedKeyId":1,"baseKey":"BZVNXQiLXICyKD696jLLzoSffYlZdlNou4cJbhU0y/4A","preKeyId":67}},"BfieI4UVjyydLukOBvesEeMb1IZab7rfxsP1yXcDzz0z":{"registrationId":2,"currentRatchet":{"ephemeralKeyPair":{"pubKey":"BRFIb5uV7G+Xn4skUyD5K6bGG5wEMBomQk2q//jMM1d4","privKey":"cJCrSFtmN/dRun/e+gkY8AX2Vs28dcK5rwDEQ+GxO3k="},"lastRemoteEphemeralKey":"BaRpVN+0YU0s39Wbic3+kbUG7jE7ZDvUhlpfOfCgs/Bs","previousCounter":0,"rootKey":"+mtKe3h4omxJC6X+384+mykA5QJs43ApnFEeok+2KF0="},"indexInfo":{"baseKey":"BfieI4UVjyydLukOBvesEeMb1IZab7rfxsP1yXcDzz0z","baseKeyType":1,"closed":1676466873951,"used":1676466806117,"created":1676466806117,"remoteIdentityKey":"BewalVVP0q6xdOAHDCxnMD+rkF2nK5IAXUq1XfJIcioq"},"_chains":{"BRFIb5uV7G+Xn4skUyD5K6bGG5wEMBomQk2q//jMM1d4":{"chainKey":{"counter":0,"key":"OIWtxg0G8OeF4qTAaDPRftdeAqz/DxzIc64HtHzedow="},"chainType":1,"messageKeys":{}}},"pendingPreKey":{"signedKeyId":1,"baseKey":"BfieI4UVjyydLukOBvesEeMb1IZab7rfxsP1yXcDzz0z","preKeyId":53}},"BSiiCclgdiutXHnFK++ooVvNMr6R4Q+FZKOtJmn1e5NM":{"registrationId":2,"currentRatchet":{"ephemeralKeyPair":{"pubKey":"BSdmIxazUmRKMUPMn9iZYrGQyD4CY8e4cHw44XdZoSMr","privKey":"SPEGevMHMENieW5ypAJ1+w1DR1OPCeVfhr9v0WfdMF8="},"lastRemoteEphemeralKey":"BaRpVN+0YU0s39Wbic3+kbUG7jE7ZDvUhlpfOfCgs/Bs","previousCounter":0,"rootKey":"IRgtcz9MPo663WMu9O7KzCSjAWHGXQ2+oixOEJJ5Hu8="},"indexInfo":{"baseKey":"BSiiCclgdiutXHnFK++ooVvNMr6R4Q+FZKOtJmn1e5NM","baseKeyType":1,"closed":1676466902450,"used":1676466873930,"created":1676466873930,"remoteIdentityKey":"BewalVVP0q6xdOAHDCxnMD+rkF2nK5IAXUq1XfJIcioq"},"_chains":{"BSdmIxazUmRKMUPMn9iZYrGQyD4CY8e4cHw44XdZoSMr":{"chainKey":{"counter":0,"key":"Cy8yqSpLbTcjfGYiRMvGBYvBmQ5RpjTzQZ8RwTQrEZw="},"chainType":1,"messageKeys":{}}},"pendingPreKey":{"signedKeyId":1,"baseKey":"BSiiCclgdiutXHnFK++ooVvNMr6R4Q+FZKOtJmn1e5NM","preKeyId":69}},"BUcNtNKItBxLhvRpgUNGK4L2SDdjP0ZE5PIOVRuE++Mu":{"registrationId":2,"currentRatchet":{"ephemeralKeyPair":{"pubKey":"BfLv31g/XeplLoRgX5WDk6w2uOjAqHr0SXOLd8IkwJxj","privKey":"kNJeVqrfgPIu8WPFvv3c/vJsbPsKgESMXlAjSCXfqno="},"lastRemoteEphemeralKey":"BaRpVN+0YU0s39Wbic3+kbUG7jE7ZDvUhlpfOfCgs/Bs","previousCounter":0,"rootKey":"pb5sXMcQe9Z7wEyTZDvd09V16yI+Z9yahqDnihb3+wo="},"indexInfo":{"baseKey":"BUcNtNKItBxLhvRpgUNGK4L2SDdjP0ZE5PIOVRuE++Mu","baseKeyType":1,"closed":1676466959883,"used":1676466902440,"created":1676466902440,"remoteIdentityKey":"BewalVVP0q6xdOAHDCxnMD+rkF2nK5IAXUq1XfJIcioq"},"_chains":{"BfLv31g/XeplLoRgX5WDk6w2uOjAqHr0SXOLd8IkwJxj":{"chainKey":{"counter":0,"key":"YIO7Wt9VNWdqkj2rpVdLCS9hwM5qggO24WgRHnfwEcc="},"chainType":1,"messageKeys":{}}},"pendingPreKey":{"signedKeyId":1,"baseKey":"BUcNtNKItBxLhvRpgUNGK4L2SDdjP0ZE5PIOVRuE++Mu","preKeyId":75}},"BTZkDDovial4SjKI1Je/OjL6RNz1RsbBdQg55t/REUNe":{"registrationId":2,"currentRatchet":{"ephemeralKeyPair":{"pubKey":"BfLsUdSh7ukrc2BpDLkl+dEn64jV/wq/fTINa8aQCSEl","privKey":"EMitr5TVw3lPZyUSpaV4hswZC8Svx24AMKyWdSxQFl0="},"lastRemoteEphemeralKey":"BaRpVN+0YU0s39Wbic3+kbUG7jE7ZDvUhlpfOfCgs/Bs","previousCounter":0,"rootKey":"HGzZROY3rDFH0r/eXAedYx2V4TPR1uB2PZQVvLnOrvw="},"indexInfo":{"baseKey":"BTZkDDovial4SjKI1Je/OjL6RNz1RsbBdQg55t/REUNe","baseKeyType":1,"closed":1676467356309,"used":1676466959872,"created":1676466959872,"remoteIdentityKey":"BewalVVP0q6xdOAHDCxnMD+rkF2nK5IAXUq1XfJIcioq"},"_chains":{"BfLsUdSh7ukrc2BpDLkl+dEn64jV/wq/fTINa8aQCSEl":{"chainKey":{"counter":1,"key":"sI6gHfcyV3Kbi4E2XSbufciFwJwpUwWPgezcVFchs+0="},"chainType":1,"messageKeys":{}}},"pendingPreKey":{"signedKeyId":1,"baseKey":"BTZkDDovial4SjKI1Je/OjL6RNz1RsbBdQg55t/REUNe","preKeyId":62}},"BWI47T77qAY/GqIo+QRQNy4HdhC0rdCaxJp7KoOKkdx2":{"registrationId":2,"currentRatchet":{"ephemeralKeyPair":{"pubKey":"BcPRcJ3EMz7ylIdaXsbobgv3mFjIFS/BRoSaZahKmLZg","privKey":"YDmhEL79E5A2WksgNtH15wDY7grJ/cyGZ7YZG6dKt2w="},"lastRemoteEphemeralKey":"BaRpVN+0YU0s39Wbic3+kbUG7jE7ZDvUhlpfOfCgs/Bs","previousCounter":0,"rootKey":"c8diVqw9pd5e1ncfKr7z1uNDjNZn0OS7KGn/LC2j/rU="},"indexInfo":{"baseKey":"BWI47T77qAY/GqIo+QRQNy4HdhC0rdCaxJp7KoOKkdx2","baseKeyType":1,"closed":1676467356619,"used":1676467356279,"created":1676467356279,"remoteIdentityKey":"BewalVVP0q6xdOAHDCxnMD+rkF2nK5IAXUq1XfJIcioq"},"_chains":{"BcPRcJ3EMz7ylIdaXsbobgv3mFjIFS/BRoSaZahKmLZg":{"chainKey":{"counter":-1,"key":"ViTGj/oWlhqp552sf2xi0u/j3dWCXNJCCq9esXKbzK4="},"chainType":1,"messageKeys":{}}},"pendingPreKey":{"signedKeyId":1,"baseKey":"BWI47T77qAY/GqIo+QRQNy4HdhC0rdCaxJp7KoOKkdx2","preKeyId":63}},"BYI2X0+BoCOPYygthLv/wiG5jzE6F/+LF6FHKfPlMXlt":{"registrationId":2,"currentRatchet":{"ephemeralKeyPair":{"pubKey":"BeoLymg+d/WXliOArEEi3YCS9hlGHU5X5xpTF8oOpLFm","privKey":"8MXN5sPmHbzOPAPH68WY9KfkuxDvhjgmmOxsJJk203g="},"lastRemoteEphemeralKey":"BaRpVN+0YU0s39Wbic3+kbUG7jE7ZDvUhlpfOfCgs/Bs","previousCounter":0,"rootKey":"2IrpfAis18oNgadSYAQC43mQbfUDAPHk2yX8WknZdOU="},"indexInfo":{"baseKey":"BYI2X0+BoCOPYygthLv/wiG5jzE6F/+LF6FHKfPlMXlt","baseKeyType":1,"closed":-1,"used":1676467356605,"created":1676467356605,"remoteIdentityKey":"BewalVVP0q6xdOAHDCxnMD+rkF2nK5IAXUq1XfJIcioq"},"_chains":{"BeoLymg+d/WXliOArEEi3YCS9hlGHU5X5xpTF8oOpLFm":{"chainKey":{"counter":-1,"key":"4BQET8R4ScywEJJ18hYTJTSQqInTy1ayKR9Ti5kzSio="},"chainType":1,"messageKeys":{}}},"pendingPreKey":{"signedKeyId":1,"baseKey":"BYI2X0+BoCOPYygthLv/wiG5jzE6F/+LF6FHKfPlMXlt","preKeyId":51}}},"version":"v1"}